hhid,persid,dayType,main_journey_mode,journey_travel_time,journey_distance,journey_elapsed_time,journey_weight,homesubregion_ASGS,homeregion_ASGS,wasted_time
Y24H5740109,Y24H5740109P03,Weekday,school bus,21,4.78611,23.0,1404.266673306,melb - outer,greater melbourne,2.0
Y24H5740109,Y24H5740109P04,Weekday,school bus,21,4.78611,23.0,2949.606307617,melb - outer,greater melbourne,2.0
Y24H5740109,Y24H5740109P05,Weekday,walking,20,0.93423,20.0,1165.139175907,melb - outer,greater melbourne,0.0
Y24H5740131,Y24H5740131P03,Weekday,school bus,47,24.92903,50.0,1099.835321362,melb - outer,greater melbourne,3.0
Y24H5740131,Y24H5740131P04,Weekday,vehicle passenger,10,1.48545,10.0,1937.859267351,melb - outer,greater melbourne,0.0
Y24H5740337,Y24H5740337P01,Weekday,vehicle driver,30,13.90308,30.0,1730.781281112,melb - inner,greater melbourne,0.0
Y24H5740337,Y24H5740337P02,Weekday,train,48,13.627679999999998,50.0,646.550865959,melb - inner,greater melbourne,2.0
Y24H5740340,Y24H5740340P02,Weekday,walking,25,2.45053,25.0,1008.253901433,melb - inner,greater melbourne,0.0
Y24H5740501,Y24H5740501P03,Weekday,walking,5,0.38306,5.0,517.335691331,melb - outer,greater melbourne,0.0
Y24H5740501,Y24H5740501P04,Weekday,walking,5,0.38306,5.0,517.335691331,melb - outer,greater melbourne,0.0
Y24H5740505,Y24H5740505P03,Weekday,public bus,20,3.20171,20.0,1625.905959139,melb - outer,greater melbourne,0.0
Y24H5740519,Y24H5740519P03,Weekday,walking,10,0.7363,10.0,1276.990443275,melb - outer,greater melbourne,0.0
Y24H5740522,Y24H5740522P03,Weekday,vehicle passenger,14,8.78115,14.0,967.736228875,melb - outer,greater melbourne,0.0
Y24H5740525,Y24H5740525P03,Weekday,walking,5,0.14027,5.0,778.099703464,melb - outer,greater melbourne,0.0
Y24H5740525,Y24H5740525P04,Weekday,walking,5,0.14027,5.0,778.099703464,melb - outer,greater melbourne,0.0
Y24H5740529,Y24H5740529P03,Weekday,vehicle passenger,5,0.53081,5.0,551.824737419,melb - outer,greater melbourne,0.0
Y24H5740530,Y24H5740530P03,Weekday,vehicle passenger,10,5.90582,10.0,269.008335863,melb - outer,greater melbourne,0.0
Y24H5740533,Y24H5740533P03,Weekday,vehicle passenger,10,6.84792,10.0,1420.362420689,melb - outer,greater melbourne,0.0
Y24H5750204,Y24H5750204P02,Weekday,vehicle passenger,25,9.37015,25.0,482.723910037,melb - middle,greater melbourne,0.0
Y24H5750216,Y24H5750216P03,Weekday,vehicle passenger,12,5.68043,12.0,516.056246283,melb - middle,greater melbourne,0.0
Y24H5750233,Y24H5750233P03,Weekday,train,49,13.818639999999998,65.0,795.260765041,melb - middle,greater melbourne,16.0
Y24H5750324,Y24H5750324P03,Weekday,walking,11,1.05425,11.0,955.875355996,melb - middle,greater melbourne,0.0
Y24H5750333,Y24H5750333P03,Weekday,train,36,10.564610000000002,43.0,1198.378620849,melb - middle,greater melbourne,7.0
Y24H5750333,Y24H5750333P04,Weekday,tram,60,8.37898,63.0,1855.386461497,melb - middle,greater melbourne,3.0
Y24H5750401,Y24H5750401P04,Weekday,vehicle passenger,30,28.60725,30.0,548.46914142,melb - outer,greater melbourne,0.0
Y24H5750403,Y24H5750403P04,Weekday,public bus,79,10.56782,100.0,506.567115538,melb - outer,greater melbourne,21.0
Y24H5750403,Y24H5750403P05,Weekday,public bus,13,2.06148,20.0,502.50650724,melb - outer,greater melbourne,7.0
Y24H5750415,Y24H5750415P03,Weekday,vehicle passenger,7,3.47778,7.0,804.057407846,melb - outer,greater melbourne,0.0
Y24H5750418,Y24H5750418P05,Weekday,vehicle passenger,15,2.13441,15.0,1310.362552331,melb - outer,greater melbourne,0.0
Y24H5750420,Y24H5750420P01,Weekend,vehicle driver,110,44.2941,119.0,268.44579161,melb - outer,greater melbourne,9.0
Y24H5750430,Y24H5750430P03,Weekday,vehicle passenger,33,23.42088,33.0,719.659820532,melb - outer,greater melbourne,0.0
Y24H5750430,Y24H5750430P04,Weekday,vehicle passenger,33,23.42088,33.0,1915.100508936,melb - outer,greater melbourne,0.0
Y24H5750436,Y24H5750436P04,Weekday,vehicle passenger,16,7.0946,16.0,426.987402591,melb - outer,greater melbourne,0.0
Y24H5760231,Y24H5760231P03,Weekday,vehicle passenger,45,24.53753,45.0,500.525163432,melb - outer,greater melbourne,0.0
Y24H5760232,Y24H5760232P03,Weekday,vehicle passenger,5,1.21755,5.0,349.879338022,melb - outer,greater melbourne,0.0
Y24H5760310,Y24H5760310P02,Weekday,walking,5,0.37082,5.0,2522.649924694,melb - middle,greater melbourne,0.0
Y24H5760329,Y24H5760329P03,Weekday,vehicle driver,45,23.30882,45.0,640.613534447,melb - middle,greater melbourne,0.0
Y24H5760329,Y24H5760329P04,Weekday,vehicle passenger,5,2.55467,5.0,465.794163083,melb - middle,greater melbourne,0.0
Y24H5760331,Y24H5760331P03,Weekday,vehicle passenger,3,1.5763,3.0,1322.988064409,melb - middle,greater melbourne,0.0
Y24H5760331,Y24H5760331P03,Weekday,vehicle passenger,5,1.5763,5.0,1322.988064409,melb - middle,greater melbourne,0.0
Y24H5760424,Y24H5760424P03,Weekday,vehicle passenger,5,1.25177,5.0,1931.272182385,melb - middle,greater melbourne,0.0
Y24H5760511,Y24H5760511P05,Weekday,vehicle passenger,59,29.00602,59.0,960.618068304,melb - outer,greater melbourne,0.0
Y24H5760511,Y24H5760511P05,Weekday,vehicle passenger,10,4.57786,10.0,960.618068304,melb - outer,greater melbourne,0.0
Y24H5760511,Y24H5760511P06,Weekday,vehicle passenger,59,29.00602,59.0,929.169929503,melb - outer,greater melbourne,0.0
Y24H5760523,Y24H5760523P03,Weekday,vehicle passenger,11,5.73664,11.0,951.134047647,melb - outer,greater melbourne,0.0
Y24H5760523,Y24H5760523P04,Weekday,vehicle passenger,11,5.73664,11.0,951.134047647,melb - outer,greater melbourne,0.0
Y24H5760523,Y24H5760523P05,Weekday,vehicle passenger,11,5.73664,11.0,922.776510479,melb - outer,greater melbourne,0.0
Y24H5760525,Y24H5760525P03,Weekday,vehicle passenger,31,16.78067,31.0,1263.176848029,melb - outer,greater melbourne,0.0
Y24H5760533,Y24H5760533P03,Weekday,vehicle passenger,1,0.92617,1.0,597.707203509,melb - outer,greater melbourne,0.0
Y24H5760533,Y24H5760533P04,Weekday,vehicle passenger,1,0.92617,1.0,543.741930232,melb - outer,greater melbourne,0.0
Y24H5760537,Y24H5760537P03,Weekday,walking,15,0.85078,15.0,1588.194050291,melb - outer,greater melbourne,0.0
Y24H5760537,Y24H5760537P04,Weekday,vehicle passenger,2,0.8497,2.0,823.857433767,melb - outer,greater melbourne,0.0
Y24H5770201,Y24H5770201P03,Weekday,vehicle passenger,15,7.29476,15.0,670.179357501,melb - outer,greater melbourne,0.0
Y24H5770201,Y24H5770201P04,Weekday,vehicle passenger,15,7.29476,15.0,572.502300683,melb - outer,greater melbourne,0.0
Y24H5770212,Y24H5770212P03,Weekday,vehicle passenger,5,1.53679,5.0,1591.092986429,melb - outer,greater melbourne,0.0
Y24H5770240,Y24H5770240P03,Weekday,vehicle passenger,5,1.04893,5.0,560.855336515,melb - outer,greater melbourne,0.0
Y24H5770322,Y24H5770322P03,Weekday,tram,27,3.38514,34.0,1612.498173473,melb - inner,greater melbourne,7.0
Y24H5770517,Y24H5770517P03,Weekday,walking,7,0.37222,7.0,1829.944291455,melb - middle,greater melbourne,0.0
Y24H5780104,Y24H5780104P03,Weekday,vehicle driver,25,10.08021,25.0,3632.344118091,melb - outer,greater melbourne,0.0
Y24H5780108,Y24H5780108P03,Weekday,vehicle passenger,5,0.84437,5.0,1492.427980963,melb - outer,greater melbourne,0.0
Y24H5780108,Y24H5780108P04,Weekday,vehicle passenger,5,0.84437,5.0,2181.649413403,melb - outer,greater melbourne,0.0
Y24H5780122,Y24H5780122P03,Weekday,vehicle driver,34,32.32599,37.0,1306.190152982,melb - outer,greater melbourne,3.0
Y24H5780140,Y24H5780140P03,Weekday,vehicle passenger,5,1.44678,5.0,679.81296656,melb - outer,greater melbourne,0.0
Y24H5780140,Y24H5780140P04,Weekday,vehicle passenger,5,1.44678,5.0,1849.613024967,melb - outer,greater melbourne,0.0
Y24H5780204,Y24H5780204P03,Weekday,vehicle passenger,12,2.05924,12.0,1357.705365123,melb - middle,greater melbourne,0.0
Y24H5780204,Y24H5780204P04,Weekday,vehicle passenger,12,2.05924,12.0,1416.835053834,melb - middle,greater melbourne,0.0
Y24H5780303,Y24H5780303P02,Weekday,vehicle passenger,10,4.53128,10.0,1066.689581474,melb - inner,greater melbourne,0.0
Y24H5780308,Y24H5780308P03,Weekday,school bus,18,2.63604,20.0,564.522187996,melb - inner,greater melbourne,2.0
Y24H5780308,Y24H5780308P04,Weekday,school bus,18,2.63604,20.0,1117.100732181,melb - inner,greater melbourne,2.0
Y24H5780318,Y24H5780318P04,Weekday,school bus,35,11.12658,35.0,670.975150962,melb - inner,greater melbourne,0.0
Y24H5780318,Y24H5780318P05,Weekday,school bus,40,11.12658,40.0,670.975150962,melb - inner,greater melbourne,0.0
Y24H5780324,Y24H5780324P03,Weekday,vehicle passenger,10,2.29435,10.0,1240.747985362,melb - inner,greater melbourne,0.0
Y24H5780324,Y24H5780324P04,Weekday,vehicle passenger,10,2.84059,10.0,693.646396639,melb - inner,greater melbourne,0.0
Y24H5780324,Y24H5780324P05,Weekday,vehicle passenger,10,2.84059,10.0,783.151125366,melb - inner,greater melbourne,0.0
Y24H5780330,Y24H5780330P03,Weekday,vehicle passenger,7,2.11471,7.0,352.524809759,melb - inner,greater melbourne,0.0
Y24H5780330,Y24H5780330P04,Weekday,vehicle passenger,7,2.11471,7.0,352.524809759,melb - inner,greater melbourne,0.0
Y24H5780405,Y24H5780405P03,Weekday,vehicle passenger,9,1.79648,9.0,258.068428579,melb - inner,greater melbourne,0.0
Y24H5780416,Y24H5780416P04,Weekday,walking,15,0.45109,15.0,213.329223495,melb - inner,greater melbourne,0.0
Y24H5780417,Y24H5780417P03,Weekday,walking,10,0.49026,10.0,480.070374449,melb - inner,greater melbourne,0.0
Y24H5780417,Y24H5780417P04,Weekday,walking,10,0.49026,10.0,530.643553516,melb - inner,greater melbourne,0.0
Y24H5780436,Y24H5780436P01,Weekday,train,90,33.161,100.0,579.080932505,melb - inner,greater melbourne,10.0
Y24H5780436,Y24H5780436P02,Weekday,vehicle driver,60,36.97685,60.0,865.108448715,melb - inner,greater melbourne,0.0
Y24H5790103,Y24H5790103P03,Weekday,vehicle passenger,1,0.49672,1.0,569.872217535,melb - outer,greater melbourne,0.0
Y24H5790124,Y24H5790124P03,Weekday,vehicle passenger,3,1.60848,3.0,727.598295699,melb - outer,greater melbourne,0.0
Y24H5790124,Y24H5790124P04,Weekday,vehicle passenger,3,1.60848,3.0,997.639563864,melb - outer,greater melbourne,0.0
Y24H5790125,Y24H5790125P04,Weekday,vehicle passenger,7,1.51459,7.0,843.503284898,melb - outer,greater melbourne,0.0
Y24H5790208,Y24H5790208P03,Weekday,vehicle passenger,10,2.63371,15.0,798.943343257,melb - middle,greater melbourne,5.0
Y24H5790212,Y24H5790212P04,Weekday,train,45,19.19978,50.0,860.475391774,melb - middle,greater melbourne,5.0
Y24H5790215,Y24H5790215P03,Weekday,vehicle passenger,8,1.88278,13.0,548.117379175,melb - middle,greater melbourne,5.0
Y24H5790217,Y24H5790217P03,Weekday,vehicle passenger,10,2.80217,10.0,1045.046378374,melb - middle,greater melbourne,0.0
Y24H5790217,Y24H5790217P04,Weekday,vehicle passenger,10,2.80217,10.0,622.459814327,melb - middle,greater melbourne,0.0
Y24H5790218,Y24H5790218P04,Weekday,bicycle,10,1.51152,10.0,456.42598179,melb - middle,greater melbourne,0.0
Y24H5790223,Y24H5790223P06,Weekday,vehicle passenger,10,4.01274,10.0,1191.029640393,melb - middle,greater melbourne,0.0
Y24H5790230,Y24H5790230P04,Weekday,vehicle passenger,15,6.96249,15.0,742.913119539,melb - middle,greater melbourne,0.0
Y24H5790237,Y24H5790237P03,Weekday,walking,10,1.01148,10.0,1560.459466182,melb - middle,greater melbourne,0.0
Y24H5790237,Y24H5790237P04,Weekday,vehicle passenger,14,6.20504,15.0,556.02028634,melb - middle,greater melbourne,1.0
Y24H5790240,Y24H5790240P05,Weekday,vehicle passenger,22,5.30906,22.0,1699.237023445,melb - middle,greater melbourne,0.0
Y24H5790240,Y24H5790240P06,Weekday,vehicle passenger,30,8.94362,33.0,581.773489004,melb - middle,greater melbourne,3.0
Y24H5790240,Y24H5790240P07,Weekday,vehicle passenger,40,10.05602,45.0,433.128087241,melb - middle,greater melbourne,5.0
Y24H5790316,Y24H5790316P04,Weekday,vehicle passenger,6,2.48459,6.0,636.586312108,melb - inner,greater melbourne,0.0
Y24H5790316,Y24H5790316P05,Weekday,vehicle passenger,6,2.48459,6.0,636.586312108,melb - inner,greater melbourne,0.0
Y24H5800202,Y24H5800202P04,Weekday,vehicle driver,58,34.0165,138.0,822.786940375,melb - inner,greater melbourne,80.0
Y24H5800210,Y24H5800210P04,Weekday,train,32,7.14611,32.0,766.833622055,melb - inner,greater melbourne,0.0
Y24H5800215,Y24H5800215P03,Weekday,vehicle passenger,15,7.04778,15.0,1725.766040332,melb - inner,greater melbourne,0.0
Y24H5800215,Y24H5800215P04,Weekday,vehicle passenger,15,7.04778,15.0,742.036793906,melb - inner,greater melbourne,0.0
Y24H5800215,Y24H5800215P05,Weekday,vehicle passenger,20,7.725300000000001,20.0,744.794396027,melb - inner,greater melbourne,0.0
Y24H5800217,Y24H5800217P05,Weekday,train,27,6.56839,31.0,1861.764106264,melb - inner,greater melbourne,4.0
Y24H5800218,Y24H5800218P04,Weekday,vehicle passenger,4,2.99958,4.0,527.349269422,melb - inner,greater melbourne,0.0
Y24H5800219,Y24H5800219P03,Weekday,walking,11,0.70788,11.0,1164.521212085,melb - inner,greater melbourne,0.0
Y24H5800219,Y24H5800219P04,Weekday,walking,11,0.70788,11.0,2022.316231572,melb - inner,greater melbourne,0.0
Y24H5800231,Y24H5800231P05,Weekday,vehicle passenger,10,2.03731,10.0,3921.060702748,melb - middle,greater melbourne,0.0
Y24H5800237,Y24H5800237P03,Weekday,vehicle driver,51,16.25928,51.0,1012.283941335,melb - middle,greater melbourne,0.0
Y24H5800237,Y24H5800237P04,Weekday,vehicle driver,69,23.72603,119.0,1012.283941335,melb - middle,greater melbourne,50.0
Y24H5800239,Y24H5800239P03,Weekday,vehicle passenger,10,1.57602,10.0,887.0084082,melb - middle,greater melbourne,0.0
Y24H5800239,Y24H5800239P04,Weekday,vehicle passenger,10,1.57602,10.0,1008.924502636,melb - middle,greater melbourne,0.0
Y24H5800338,Y24H5800338P03,Weekday,walking,20,0.97629,20.0,3581.742670178,melb - inner,greater melbourne,0.0
Y24H5800339,Y24H5800339P01,Weekday,tram,26,2.49544,30.0,5161.165628096,melb - inner,greater melbourne,4.0
Y24H5800339,Y24H5800339P02,Weekday,train,60,23.90245999999999,70.0,5478.100581443,melb - inner,greater melbourne,10.0
Y24H5800439,Y24H5800439P04,Weekday,vehicle passenger,8,3.35789,8.0,2783.611839862,melb - middle,greater melbourne,0.0
Y24H5800439,Y24H5800439P05,Weekday,vehicle passenger,8,3.35789,8.0,5431.531173665,melb - middle,greater melbourne,0.0
Y24H5800540,Y24H5800540P03,Weekday,public bus,17,2.85308,20.0,3398.442982574,melb - outer,greater melbourne,3.0
Y24H5800540,Y24H5800540P04,Weekday,public bus,17,2.85308,20.0,2818.826277834,melb - outer,greater melbourne,3.0
Y24H5800540,Y24H5800540P05,Weekday,public bus,17,2.85308,20.0,2818.826277834,melb - outer,greater melbourne,3.0
Y24H5810101,Y24H5810101P05,Weekday,vehicle passenger,5,1.63072,5.0,1527.345835753,melb - outer,greater melbourne,0.0
Y24H5810102,Y24H5810102P04,Weekday,train,54,40.02716,75.0,1222.571735963,melb - outer,greater melbourne,21.0
Y24H5810102,Y24H5810102P05,Weekday,vehicle passenger,12,5.07443,12.0,1653.953879191,melb - outer,greater melbourne,0.0
Y24H5810115,Y24H5810115P04,Weekday,vehicle passenger,70,46.13884,70.0,1924.78211873,melb - outer,greater melbourne,0.0
Y24H5810115,Y24H5810115P05,Weekday,vehicle passenger,9,6.07934,9.0,817.184144518,melb - outer,greater melbourne,0.0
Y24H5810123,Y24H5810123P03,Weekday,vehicle passenger,3,0.76496,3.0,900.972213657,melb - outer,greater melbourne,0.0
Y24H5810126,Y24H5810126P03,Weekday,vehicle passenger,10,3.01768,10.0,1748.793415838,melb - outer,greater melbourne,0.0
Y24H5810126,Y24H5810126P04,Weekday,vehicle passenger,5,0.71135,5.0,1112.168858223,melb - outer,greater melbourne,0.0
Y24H5810129,Y24H5810129P03,Weekday,vehicle passenger,5,0.72888,5.0,1335.514237548,melb - outer,greater melbourne,0.0
Y24H5810129,Y24H5810129P04,Weekday,vehicle passenger,5,0.72888,5.0,1335.514237548,melb - outer,greater melbourne,0.0
Y24H5810140,Y24H5810140P04,Weekday,vehicle passenger,20,5.04448,20.0,1243.799227315,melb - outer,greater melbourne,0.0
Y24H5810140,Y24H5810140P05,Weekday,vehicle passenger,20,5.04448,20.0,2015.660884729,melb - outer,greater melbourne,0.0
Y24H5810205,Y24H5810205P05,Weekday,vehicle passenger,2,1.34644,2.0,1350.713636635,melb - middle,greater melbourne,0.0
Y24H5810209,Y24H5810209P05,Weekday,vehicle passenger,11,4.68922,11.0,1128.09852928,melb - middle,greater melbourne,0.0
Y24H5810215,Y24H5810215P04,Weekday,vehicle passenger,15,8.11805,15.0,538.549145553,melb - middle,greater melbourne,0.0
Y24H5810508,Y24H5810508P03,Weekday,vehicle passenger,25,12.46602,25.0,933.237998963,melb - outer,greater melbourne,0.0
Y24H5810529,Y24H5810529P03,Weekday,walking,10,0.91454,10.0,878.719190862,melb - outer,greater melbourne,0.0
Y24H5810529,Y24H5810529P04,Weekday,walking,10,0.91454,10.0,569.756010133,melb - outer,greater melbourne,0.0
Y24H5820108,Y24H5820108P04,Weekday,vehicle driver,20,8.36357,20.0,289.092233466,melb - outer,greater melbourne,0.0
Y24H5820330,Y24H5820330P03,Weekday,vehicle passenger,15,3.04722,15.0,876.276076824,melb - inner,greater melbourne,0.0
Y24H5820408,Y24H5820408P03,Weekday,vehicle passenger,10,0.99238,10.0,776.453034963,melb - outer,greater melbourne,0.0
Y24H5820437,Y24H5820437P03,Weekday,train,121,58.3117,200.0,1535.061811472,melb - outer,greater melbourne,79.0
Y24H5820437,Y24H5820437P04,Weekday,vehicle passenger,35,20.71898,35.0,983.680002446,melb - outer,greater melbourne,0.0
Y24H5820525,Y24H5820525P04,Weekday,train,128,37.00022,128.0,470.357065311,melb - outer,greater melbourne,0.0
Y24H5830108,Y24H5830108P03,Weekday,vehicle passenger,39,30.98756,39.0,1027.19455885,melb - middle,greater melbourne,0.0
Y24H5840211,Y24H5840211P02,Weekday,vehicle passenger,20,5.63252,20.0,1346.001330033,melb - middle,greater melbourne,0.0
Y24H5840302,Y24H5840302P02,Weekday,train,31,7.69269,34.0,371.504120159,melb - inner,greater melbourne,3.0
Y24H5840319,Y24H5840319P03,Weekday,vehicle passenger,10,1.72573,10.0,972.194742207,melb - inner,greater melbourne,0.0
Y24H5840319,Y24H5840319P04,Weekday,vehicle passenger,10,1.72573,10.0,1097.641983182,melb - inner,greater melbourne,0.0
Y24H5840333,Y24H5840333P02,Weekday,vehicle passenger,6,2.25477,6.0,1267.244218126,melb - inner,greater melbourne,0.0
Y24H5840402,Y24H5840402P03,Weekday,vehicle passenger,5,2.08127,5.0,2226.031520814,melb - outer,greater melbourne,0.0
Y24H5840412,Y24H5840412P03,Weekday,vehicle passenger,5,2.12237,5.0,3775.178320883,melb - outer,greater melbourne,0.0
Y24H5840431,Y24H5840431P03,Weekday,vehicle passenger,20,1.75034,20.0,5812.93890466,melb - outer,greater melbourne,0.0
Y24H5840501,Y24H5840501P03,Weekday,vehicle passenger,10,6.02551,10.0,247.544080613,melb - outer,greater melbourne,0.0
Y24H5840504,Y24H5840504P04,Weekday,vehicle passenger,10,5.26852,10.0,448.654987903,melb - outer,greater melbourne,0.0
Y24H5840504,Y24H5840504P05,Weekday,vehicle passenger,13,2.14979,13.0,330.059348215,melb - outer,greater melbourne,0.0
Y24H5840517,Y24H5840517P03,Weekday,vehicle passenger,45,2.89071,50.0,533.750628509,melb - outer,greater melbourne,5.0
Y24H5840532,Y24H5840532P03,Weekday,vehicle passenger,5,0.94703,5.0,1502.437277541,melb - outer,greater melbourne,0.0
Y24H5850202,Y24H5850202P03,Weekday,vehicle passenger,10,4.43414,10.0,733.668116275,melb - outer,greater melbourne,0.0
Y24H5850202,Y24H5850202P04,Weekday,vehicle passenger,14,8.58947,15.0,521.240438878,melb - outer,greater melbourne,1.0
Y24H5850208,Y24H5850208P05,Weekday,vehicle passenger,14,5.41263,14.0,938.829967292,melb - outer,greater melbourne,0.0
Y24H5850224,Y24H5850224P03,Weekday,vehicle passenger,16,8.74536,16.0,529.305653586,melb - outer,greater melbourne,0.0
Y24H5850231,Y24H5850231P03,Weekday,public bus,36,2.96967,38.0,504.406192797,melb - outer,greater melbourne,2.0
Y24H5850310,Y24H5850310P03,Weekday,train,40,8.054839999999999,44.0,2501.559542737,melb - inner,greater melbourne,4.0
Y24H5850310,Y24H5850310P04,Weekday,vehicle passenger,9,1.62627,10.0,1575.962472203,melb - inner,greater melbourne,1.0
Y24H5850310,Y24H5850310P05,Weekday,vehicle passenger,5,1.00964,5.0,2054.29120978,melb - inner,greater melbourne,0.0
Y24H5850318,Y24H5850318P03,Weekday,walking,10,0.96402,10.0,719.980612374,melb - inner,greater melbourne,0.0
Y24H5850516,Y24H5850516P02,Weekday,vehicle passenger,40,9.26299,40.0,913.464715719,melb - outer,greater melbourne,0.0
Y24H5850524,Y24H5850524P04,Weekday,vehicle passenger,15,3.77066,15.0,2171.409474512,melb - outer,greater melbourne,0.0
Y24H5850540,Y24H5850540P03,Weekday,vehicle passenger,9,3.82523,9.0,613.633311683,melb - outer,greater melbourne,0.0
Y24H5860105,Y24H5860105P03,Weekday,vehicle driver,40,29.48994,105.0,1559.185504585,melb - outer,greater melbourne,65.0
Y24H5860105,Y24H5860105P04,Weekday,train,40,19.27671,45.0,2458.298387838,melb - outer,greater melbourne,5.0
Y24H5860123,Y24H5860123P04,Weekday,vehicle passenger,1,0.59379,1.0,1671.984273863,melb - outer,greater melbourne,0.0
Y24H5860132,Y24H5860132P03,Weekday,vehicle passenger,20,14.84858,20.0,2138.384497181,melb - outer,greater melbourne,0.0
Y24H5860230,Y24H5860230P02,Weekday,vehicle passenger,4,1.0674,4.0,1837.268123998,melb - outer,greater melbourne,0.0
Y24H5860230,Y24H5860230P03,Weekday,vehicle passenger,4,1.0674,4.0,1837.268123998,melb - outer,greater melbourne,0.0
Y24H5860326,Y24H5860326P03,Weekday,walking,5,0.50039,5.0,309.123165417,melb - inner,greater melbourne,0.0
Y24H5860333,Y24H5860333P03,Weekday,bicycle,8,0.68806,8.0,279.33119462,melb - inner,greater melbourne,0.0
Y24H5860333,Y24H5860333P04,Weekday,bicycle,8,0.68806,8.0,328.570474089,melb - inner,greater melbourne,0.0
Y24H5860337,Y24H5860337P03,Weekday,vehicle passenger,5,1.31108,5.0,562.39512864,melb - inner,greater melbourne,0.0
Y24H5860415,Y24H5860415P04,Weekday,walking,20,0.62866,20.0,478.034880218,melb - inner,greater melbourne,0.0
Y24H5860415,Y24H5860415P05,Weekday,walking,20,0.62866,20.0,580.515319212,melb - inner,greater melbourne,0.0
Y24H5860432,Y24H5860432P03,Weekday,vehicle passenger,10,1.46607,10.0,525.397376411,melb - inner,greater melbourne,0.0
Y24H5870115,Y24H5870115P04,Weekday,vehicle passenger,5,0.77862,5.0,1320.007216846,melb - middle,greater melbourne,0.0
Y24H5870115,Y24H5870115P05,Weekday,vehicle passenger,5,0.77862,5.0,2139.161092986,melb - middle,greater melbourne,0.0
Y24H5870116,Y24H5870116P04,Weekday,vehicle passenger,5,1.69107,5.0,1825.242547202,melb - middle,greater melbourne,0.0
Y24H5870122,Y24H5870122P03,Weekday,vehicle passenger,5,1.37163,5.0,1512.825960829,melb - middle,greater melbourne,0.0
Y24H5870131,Y24H5870131P01,Weekday,vehicle driver,16,11.76872,16.0,658.4737173,melb - middle,greater melbourne,0.0
Y24H5870302,Y24H5870302P04,Weekday,vehicle passenger,30,13.06912,30.0,515.148320985,melb - middle,greater melbourne,0.0
Y24H5870303,Y24H5870303P03,Weekday,vehicle passenger,10,1.62099,10.0,770.753860528,melb - middle,greater melbourne,0.0
Y24H5870303,Y24H5870303P04,Weekday,vehicle passenger,20,4.945119999999999,20.0,774.549691183,melb - middle,greater melbourne,0.0
Y24H5870303,Y24H5870303P05,Weekday,vehicle passenger,20,4.945119999999999,20.0,773.559365748,melb - middle,greater melbourne,0.0
Y24H5870336,Y24H5870336P02,Weekday,public bus,60,11.022990000000002,540.0,1237.021065434,melb - middle,greater melbourne,480.0
Y24H5870417,Y24H5870417P03,Weekday,train,25,5.328080000000001,27.0,332.059827351,melb - middle,greater melbourne,2.0
Y24H5870417,Y24H5870417P04,Weekday,train,25,5.328080000000001,27.0,334.646551622,melb - middle,greater melbourne,2.0
Y24H5870426,Y24H5870426P03,Weekday,vehicle passenger,20,7.48742,20.0,802.553109229,melb - middle,greater melbourne,0.0
Y24H5870426,Y24H5870426P04,Weekday,walking,5,0.39067,5.0,812.117212206,melb - middle,greater melbourne,0.0
Y24H5870537,Y24H5870537P03,Weekday,walking,20,1.58846,20.0,1268.178730194,melb - outer,greater melbourne,0.0
Y24H5870537,Y24H5870537P04,Weekday,walking,20,1.58846,20.0,1268.178730194,melb - outer,greater melbourne,0.0
Y24H5870537,Y24H5870537P05,Weekday,walking,20,1.58846,20.0,1268.178730194,melb - outer,greater melbourne,0.0
Y24H5880104,Y24H5880104P04,Weekday,vehicle passenger,2,0.85743,2.0,1568.175826942,melb - outer,greater melbourne,0.0
Y24H5880116,Y24H5880116P03,Weekday,vehicle passenger,10,5.28611,10.0,1246.246876269,melb - outer,greater melbourne,0.0
Y24H5880116,Y24H5880116P04,Weekday,vehicle passenger,20,8.66793,21.0,1009.193635715,melb - outer,greater melbourne,1.0
Y24H5880209,Y24H5880209P02,Weekday,walking,12,0.81407,12.0,325.731831916,melb - outer,greater melbourne,0.0
Y24H5880209,Y24H5880209P03,Weekday,vehicle passenger,2,0.81407,2.0,510.558834165,melb - outer,greater melbourne,0.0
Y24H5880224,Y24H5880224P03,Weekday,vehicle passenger,43,26.07232,43.0,305.864767513,melb - outer,greater melbourne,0.0
Y24H5880232,Y24H5880232P03,Weekday,walking,29,3.25896,30.0,739.211103651,melb - outer,greater melbourne,1.0
Y24H5880237,Y24H5880237P04,Weekday,walking,10,1.49182,10.0,1067.023047007,melb - outer,greater melbourne,0.0
Y24H5880237,Y24H5880237P05,Weekday,walking,10,1.49191,10.0,1067.023047007,melb - outer,greater melbourne,0.0
Y24H5880237,Y24H5880237P06,Weekday,walking,5,0.35382,5.0,1255.166930207,melb - outer,greater melbourne,0.0
Y24H5880504,Y24H5880504P03,Weekday,walking,5,0.46043,5.0,687.217485247,melb - middle,greater melbourne,0.0
Y24H5880504,Y24H5880504P04,Weekday,walking,5,0.46043,5.0,687.217485247,melb - middle,greater melbourne,0.0
Y24H5890133,Y24H5890133P04,Weekday,vehicle passenger,15,6.22458,15.0,392.398261097,melb - outer,greater melbourne,0.0
Y24H5890204,Y24H5890204P03,Weekday,vehicle passenger,5,2.80408,5.0,816.358038113,melb - middle,greater melbourne,0.0
Y24H5890224,Y24H5890224P03,Weekday,vehicle driver,15,5.78302,15.0,1946.880875804,melb - middle,greater melbourne,0.0
Y24H5890226,Y24H5890226P03,Weekday,walking,15,1.19228,15.0,812.400185292,melb - middle,greater melbourne,0.0
Y24H5890226,Y24H5890226P04,Weekday,vehicle passenger,10,2.14496,10.0,893.990564236,melb - middle,greater melbourne,0.0
Y24H5890312,Y24H5890312P03,Weekday,walking,5,0.19814,5.0,1477.585916663,melb - inner,greater melbourne,0.0
Y24H5890312,Y24H5890312P04,Weekday,walking,5,0.19814,5.0,1808.742411377,melb - inner,greater melbourne,0.0
Y24H5890524,Y24H5890524P03,Weekday,vehicle passenger,15,14.90885,15.0,534.224140975,melb - outer,greater melbourne,0.0
Y24H5890524,Y24H5890524P04,Weekday,train,60,30.32309,60.0,534.224140975,melb - outer,greater melbourne,0.0
Y24H5890531,Y24H5890531P04,Weekday,vehicle passenger,5,2.28182,5.0,815.771621898,melb - outer,greater melbourne,0.0
Y24H5890532,Y24H5890532P03,Weekday,vehicle passenger,15,5.64214,15.0,784.89790473,melb - outer,greater melbourne,0.0
Y24H5890532,Y24H5890532P04,Weekday,vehicle passenger,15,5.64214,15.0,407.156778759,melb - outer,greater melbourne,0.0
Y24H5900201,Y24H5900201P03,Weekday,vehicle passenger,10,4.15064,10.0,656.606746925,melb - middle,greater melbourne,0.0
Y24H5900201,Y24H5900201P04,Weekday,vehicle passenger,10,4.15064,10.0,656.606746925,melb - middle,greater melbourne,0.0
Y24H5900210,Y24H5900210P02,Weekday,vehicle driver,20,4.68073,20.0,811.349325547,melb - middle,greater melbourne,0.0
Y24H5900217,Y24H5900217P03,Weekday,vehicle passenger,15,3.32968,15.0,606.22576145,melb - middle,greater melbourne,0.0
Y24H5900224,Y24H5900224P02,Weekday,train,46,22.55036,46.0,603.656852223,melb - middle,greater melbourne,0.0
Y24H5900237,Y24H5900237P02,Weekday,vehicle driver,9,3.97638,9.0,741.086296714,melb - middle,greater melbourne,0.0
Y24H5900240,Y24H5900240P03,Weekday,train,45,16.06997,50.0,544.811073179,melb - middle,greater melbourne,5.0
Y24H5900302,Y24H5900302P02,Weekday,tram,37,4.98555,49.0,1776.542314355,melb - inner,greater melbourne,12.0
Y24H5900411,Y24H5900411P05,Weekday,vehicle passenger,2,1.40563,2.0,3420.05945579,melb - outer,greater melbourne,0.0
Y24H5910105,Y24H5910105P03,Weekday,vehicle passenger,18,5.2096100000000005,109.0,1016.626583853,melb - outer,greater melbourne,91.0
Y24H5910301,Y24H5910301P03,Weekday,vehicle passenger,9,2.71653,9.0,417.896355576,melb - inner,greater melbourne,0.0
Y24H5910301,Y24H5910301P04,Weekday,vehicle passenger,9,2.71653,9.0,500.11686245,melb - inner,greater melbourne,0.0
Y24H5910312,Y24H5910312P03,Weekday,tram,24,3.96179,27.0,766.491760608,melb - inner,greater melbourne,3.0
Y24H5910331,Y24H5910331P03,Weekday,vehicle passenger,18,4.0652,18.0,404.521241717,melb - inner,greater melbourne,0.0
Y24H5910340,Y24H5910340P03,Weekday,vehicle passenger,12,3.50597,12.0,562.957052035,melb - inner,greater melbourne,0.0
Y24H5910340,Y24H5910340P04,Weekday,vehicle passenger,12,3.50597,12.0,431.690868526,melb - inner,greater melbourne,0.0
Y24H5910403,Y24H5910403P03,Weekday,vehicle driver,30,8.18604,30.0,333.564197063,melb - middle,greater melbourne,0.0
Y24H5910403,Y24H5910403P04,Weekday,public bus,22,2.94219,30.0,583.862166838,melb - middle,greater melbourne,8.0
Y24H5910404,Y24H5910404P03,Weekday,walking,4,0.30308,4.0,399.670476134,melb - middle,greater melbourne,0.0
Y24H5910404,Y24H5910404P04,Weekday,walking,4,0.30308,4.0,225.147818709,melb - middle,greater melbourne,0.0
Y24H5910405,Y24H5910405P03,Weekday,bicycle,20,2.91791,20.0,734.830506549,melb - middle,greater melbourne,0.0
Y24H5910410,Y24H5910410P03,Weekday,bicycle,5,1.27011,5.0,584.114833577,melb - middle,greater melbourne,0.0
Y24H5910418,Y24H5910418P05,Weekday,public bus,23,3.00082,28.0,448.972939602,melb - middle,greater melbourne,5.0
Y24H5910418,Y24H5910418P06,Weekday,walking,3,0.33386,3.0,386.640521861,melb - middle,greater melbourne,0.0
Y24H5910432,Y24H5910432P04,Weekday,vehicle passenger,9,5.85585,9.0,822.897772184,melb - middle,greater melbourne,0.0
Y24H5910437,Y24H5910437P03,Weekday,walking,25,1.77078,25.0,651.500466822,melb - middle,greater melbourne,0.0
Y24H5910437,Y24H5910437P04,Weekday,walking,25,1.77078,25.0,651.500466822,melb - middle,greater melbourne,0.0
Y24H5910509,Y24H5910509P03,Weekday,vehicle passenger,3,0.96876,3.0,515.423610381,melb - outer,greater melbourne,0.0
Y24H5910509,Y24H5910509P04,Weekday,vehicle passenger,3,0.96876,3.0,548.095052281,melb - outer,greater melbourne,0.0
Y24H5920312,Y24H5920312P03,Weekday,walking,20,1.93316,20.0,456.303096128,melb - inner,greater melbourne,0.0
Y24H5930123,Y24H5930123P04,Weekday,train,37,12.11052,47.0,929.386334529,melb - middle,greater melbourne,10.0
Y24H5930139,Y24H5930139P03,Weekday,walking,15,1.37676,15.0,1358.142329872,melb - middle,greater melbourne,0.0
Y24H5930319,Y24H5930319P03,Weekday,vehicle passenger,4,1.37286,4.0,1406.544792352,melb - inner,greater melbourne,0.0
Y24H5930319,Y24H5930319P04,Weekday,vehicle passenger,4,1.37286,4.0,1158.562756339,melb - inner,greater melbourne,0.0
Y24H5930402,Y24H5930402P03,Weekday,vehicle passenger,2,1.11428,2.0,629.884028397,melb - outer,greater melbourne,0.0
Y24H5930402,Y24H5930402P03,Weekday,vehicle passenger,21,9.64024,21.0,629.884028397,melb - outer,greater melbourne,0.0
Y24H5930402,Y24H5930402P04,Weekday,vehicle passenger,2,1.11428,2.0,642.355646784,melb - outer,greater melbourne,0.0
Y24H5930402,Y24H5930402P05,Weekday,vehicle passenger,2,1.11428,2.0,642.355646784,melb - outer,greater melbourne,0.0
Y24H5930423,Y24H5930423P02,Weekday,vehicle passenger,35,12.34711,40.0,511.907886186,melb - outer,greater melbourne,5.0
Y24H5930423,Y24H5930423P03,Weekday,vehicle passenger,7,2.25894,7.0,495.727295975,melb - outer,greater melbourne,0.0
Y24H5930423,Y24H5930423P04,Weekday,vehicle passenger,7,2.25894,7.0,505.542629244,melb - outer,greater melbourne,0.0
Y24H5930429,Y24H5930429P02,Weekday,vehicle passenger,32,15.76464,36.0,392.734775528,melb - outer,greater melbourne,4.0
Y24H5930509,Y24H5930509P03,Weekday,walking,10,0.91227,10.0,591.386380178,melb - middle,greater melbourne,0.0
Y24H5930530,Y24H5930530P03,Weekday,vehicle passenger,5,0.81222,5.0,430.708045804,melb - middle,greater melbourne,0.0
Y24H5940112,Y24H5940112P03,Weekday,vehicle passenger,5,1.65066,5.0,1152.621092675,melb - outer,greater melbourne,0.0
Y24H5940112,Y24H5940112P04,Weekday,vehicle passenger,5,1.65066,5.0,1587.509467829,melb - outer,greater melbourne,0.0
Y24H5940233,Y24H5940233P04,Weekday,vehicle passenger,6,2.41182,6.0,1069.134901803,melb - middle,greater melbourne,0.0
Y24H5940237,Y24H5940237P05,Weekday,vehicle passenger,9,5.77569,9.0,603.736425367,melb - middle,greater melbourne,0.0
Y24H5940501,Y24H5940501P04,Weekday,vehicle passenger,3,1.38377,3.0,220.418729723,melb - outer,greater melbourne,0.0
Y24H5940502,Y24H5940502P04,Weekday,school bus,11,5.98811,11.0,164.180138424,melb - outer,greater melbourne,0.0
Y24H5940502,Y24H5940502P05,Weekday,vehicle passenger,10,5.19718,10.0,171.559303699,melb - outer,greater melbourne,0.0
Y24H5940503,Y24H5940503P04,Weekday,vehicle passenger,15,10.82395,15.0,947.730133815,melb - outer,greater melbourne,0.0
Y24H5940508,Y24H5940508P03,Weekday,vehicle passenger,5,1.39472,5.0,935.959263957,melb - outer,greater melbourne,0.0
Y24H5940508,Y24H5940508P04,Weekday,vehicle passenger,5,1.39472,5.0,683.748813361,melb - outer,greater melbourne,0.0
Y24H5940525,Y24H5940525P03,Weekday,vehicle passenger,15,6.27696,20.0,1062.991518847,melb - outer,greater melbourne,5.0
Y24H5940532,Y24H5940532P03,Weekday,school bus,21,8.87081,21.0,709.718129217,melb - outer,greater melbourne,0.0
Y24H5940536,Y24H5940536P04,Weekday,vehicle passenger,4,1.94798,4.0,922.322043351,melb - outer,greater melbourne,0.0
Y24H5950215,Y24H5950215P03,Weekday,vehicle passenger,20,14.34139,20.0,595.57194787,melb - middle,greater melbourne,0.0
Y24H5950217,Y24H5950217P05,Weekday,walking,11,0.53383,11.0,437.571694465,melb - middle,greater melbourne,0.0
Y24H5950401,Y24H5950401P03,Weekday,walking,3,0.19817,3.0,400.722677662,melb - middle,greater melbourne,0.0
Y24H5950401,Y24H5950401P04,Weekday,walking,3,0.19817,3.0,400.722677662,melb - middle,greater melbourne,0.0
Y24H5950402,Y24H5950402P03,Weekday,walking,10,0.11733,10.0,448.451771766,melb - middle,greater melbourne,0.0
Y24H5950402,Y24H5950402P04,Weekday,walking,10,0.11733,10.0,446.171496463,melb - middle,greater melbourne,0.0
Y24H5950415,Y24H5950415P04,Weekday,walking,3,0.15593,3.0,554.28959726,melb - middle,greater melbourne,0.0
Y24H5950509,Y24H5950509P03,Weekday,vehicle passenger,5,0.79434,5.0,518.634925293,melb - outer,greater melbourne,0.0
Y24H5950516,Y24H5950516P03,Weekday,vehicle passenger,4,0.66611,4.0,442.400517036,melb - outer,greater melbourne,0.0
Y24H5950516,Y24H5950516P04,Weekday,vehicle passenger,4,0.66611,4.0,518.634925293,melb - outer,greater melbourne,0.0
Y24H5980233,Y24H5980233P03,Weekday,tram,55,15.12932,60.0,1994.24219182,melb - middle,greater melbourne,5.0
Y24H5980233,Y24H5980233P04,Weekday,tram,55,15.12932,60.0,2081.093818871,melb - middle,greater melbourne,5.0
Y24H5980318,Y24H5980318P03,Weekday,vehicle driver,30,11.63986,30.0,2069.350182974,melb - inner,greater melbourne,0.0
Y24H5990209,Y24H5990209P05,Weekday,vehicle passenger,27,27.57277,27.0,900.762088558,melb - outer,greater melbourne,0.0
Y24H5990326,Y24H5990326P03,Weekday,vehicle passenger,10,2.79727,10.0,897.19759396,melb - middle,greater melbourne,0.0
Y24H5990422,Y24H5990422P02,Weekday,tram,57,15.26091,104.0,1072.128771649,melb - outer,greater melbourne,47.0
Y24H6010124,Y24H6010124P03,Weekday,vehicle passenger,10,3.29409,10.0,842.079451462,melb - outer,greater melbourne,0.0
Y24H6010124,Y24H6010124P04,Weekday,vehicle passenger,10,3.29409,10.0,1001.066413187,melb - outer,greater melbourne,0.0
Y24H6010209,Y24H6010209P04,Weekday,vehicle passenger,24,5.944229999999999,24.0,466.104095236,melb - middle,greater melbourne,0.0
Y24H6010216,Y24H6010216P03,Weekday,vehicle passenger,26,12.29601,26.0,1010.550642111,melb - middle,greater melbourne,0.0
Y24H6010217,Y24H6010217P04,Weekday,vehicle passenger,10,3.15706,10.0,768.56348234,melb - middle,greater melbourne,0.0
Y24H6010218,Y24H6010218P03,Weekday,vehicle passenger,17,5.20844,20.0,650.073723333,melb - middle,greater melbourne,3.0
Y24H6010218,Y24H6010218P04,Weekday,vehicle passenger,33,8.418520000000001,42.0,1022.133333461,melb - middle,greater melbourne,9.0
Y24H6010224,Y24H6010224P03,Weekday,vehicle passenger,7,2.10037,7.0,686.605243078,melb - middle,greater melbourne,0.0
Y24H6010231,Y24H6010231P05,Weekday,vehicle passenger,2,0.59278,2.0,1273.862839335,melb - middle,greater melbourne,0.0
Y24H6010505,Y24H6010505P03,Weekday,vehicle passenger,10,2.71032,10.0,690.610491928,melb - middle,greater melbourne,0.0
Y24H6010505,Y24H6010505P04,Weekday,vehicle passenger,10,2.71032,10.0,757.638400109,melb - middle,greater melbourne,0.0
Y24H6010513,Y24H6010513P01,Weekend,train,51,19.4238,94.0,861.836087901,melb - middle,greater melbourne,43.0
Y24H6010523,Y24H6010523P02,Weekday,train,74,23.61499,85.0,1753.219637402,melb - outer,greater melbourne,11.0
Y24H6020201,Y24H6020201P03,Weekday,school bus,14,5.49396,14.0,833.717582814,melb - outer,greater melbourne,0.0
Y24H6020201,Y24H6020201P04,Weekday,school bus,14,5.49398,14.0,496.586278407,melb - outer,greater melbourne,0.0
Y24H6020231,Y24H6020231P04,Weekday,vehicle passenger,15,8.56173,15.0,2005.717439652,melb - outer,greater melbourne,0.0
Y24H6020312,Y24H6020312P03,Weekday,vehicle passenger,10,2.90563,10.0,760.677980239,melb - inner,greater melbourne,0.0
Y24H6020312,Y24H6020312P04,Weekday,vehicle passenger,10,2.90587,10.0,655.859401642,melb - inner,greater melbourne,0.0
Y24H6020312,Y24H6020312P05,Weekday,vehicle passenger,10,2.90587,10.0,711.808705263,melb - inner,greater melbourne,0.0
Y24H6020333,Y24H6020333P03,Weekday,bicycle,25,5.33846,25.0,482.39384833,melb - inner,greater melbourne,0.0
Y24H6020333,Y24H6020333P04,Weekday,walking,10,0.76975,10.0,335.923967022,melb - inner,greater melbourne,0.0
Y24H6020337,Y24H6020337P03,Weekday,train,23,6.885669999999999,25.0,788.059121178,melb - inner,greater melbourne,2.0
Y24H6020404,Y24H6020404P04,Weekday,train,16,8.59562,29.0,377.287312452,melb - middle,greater melbourne,13.0
Y24H6020405,Y24H6020405P02,Weekday,vehicle passenger,20,4.46911,20.0,452.443199029,melb - middle,greater melbourne,0.0
Y24H6020405,Y24H6020405P03,Weekday,vehicle passenger,20,4.46911,20.0,632.128381872,melb - middle,greater melbourne,0.0
Y24H6020405,Y24H6020405P04,Weekday,vehicle passenger,30,9.44991,30.0,614.911213986,melb - middle,greater melbourne,0.0
Y24H6020409,Y24H6020409P03,Weekday,walking,25,1.82866,25.0,710.522854707,melb - middle,greater melbourne,0.0
Y24H6020409,Y24H6020409P04,Weekday,walking,25,1.82866,25.0,665.690508214,melb - middle,greater melbourne,0.0
Y24H6020424,Y24H6020424P04,Weekday,vehicle passenger,23,17.35746,23.0,256.310361564,melb - middle,greater melbourne,0.0
Y24H6020424,Y24H6020424P05,Weekday,vehicle passenger,7,1.04514,7.0,246.144053263,melb - middle,greater melbourne,0.0
Y24H6020432,Y24H6020432P04,Weekday,bicycle,5,1.1896,5.0,421.436867395,melb - middle,greater melbourne,0.0
Y24H6020432,Y24H6020432P05,Weekday,bicycle,5,1.1896,5.0,426.89047395,melb - middle,greater melbourne,0.0
Y24H6020508,Y24H6020508P03,Weekday,vehicle passenger,10,4.626659999999999,15.0,1586.01136056,melb - outer,greater melbourne,5.0
Y24H6020508,Y24H6020508P04,Weekday,vehicle passenger,15,7.1115,25.0,250.595634133,melb - outer,greater melbourne,10.0
Y24H6020538,Y24H6020538P03,Weekday,vehicle passenger,10,4.53042,10.0,1435.127236907,melb - outer,greater melbourne,0.0
Y24H6026132,Y24H6026132P03,Weekday,vehicle passenger,9,8.4057,9.0,172.404329789,other,shepparton sa4,0.0
Y24H6026132,Y24H6026132P04,Weekday,vehicle passenger,9,8.4057,9.0,334.532774123,other,shepparton sa4,0.0
Y24H6026133,Y24H6026133P03,Weekday,vehicle passenger,10,4.44403,10.0,184.191383664,other,shepparton sa4,0.0
Y24H6026133,Y24H6026133P04,Weekday,vehicle passenger,10,4.44403,10.0,356.559603493,other,shepparton sa4,0.0
Y24H6030105,Y24H6030105P06,Weekday,vehicle passenger,10,7.25109,10.0,1038.579782855,melb - outer,greater melbourne,0.0
Y24H6030123,Y24H6030123P03,Weekday,vehicle passenger,20,4.18794,20.0,716.398084778,melb - outer,greater melbourne,0.0
Y24H6030123,Y24H6030123P04,Weekday,vehicle passenger,20,4.18794,20.0,670.126274965,melb - outer,greater melbourne,0.0
Y24H6030133,Y24H6030133P03,Weekday,public bus,37,5.1872300000000005,50.0,1423.889718373,melb - outer,greater melbourne,13.0
Y24H6030208,Y24H6030208P03,Weekday,walking,15,0.51968,15.0,994.891253613,melb - outer,greater melbourne,0.0
Y24H6030208,Y24H6030208P04,Weekday,walking,15,0.5196,15.0,997.315450057,melb - outer,greater melbourne,0.0
Y24H6030212,Y24H6030212P03,Weekday,walking,4,0.46583,4.0,1536.339978493,melb - outer,greater melbourne,0.0
Y24H6030218,Y24H6030218P03,Weekday,vehicle driver,54,34.05643,54.0,1473.707271051,melb - outer,greater melbourne,0.0
Y24H6030229,Y24H6030229P03,Weekday,vehicle passenger,24,4.00059,24.0,475.740857745,melb - outer,greater melbourne,0.0
Y24H6030229,Y24H6030229P04,Weekday,vehicle passenger,14,6.64434,14.0,560.492630896,melb - outer,greater melbourne,0.0
Y24H6030236,Y24H6030236P03,Weekday,vehicle passenger,5,0.93246,5.0,368.274177103,melb - outer,greater melbourne,0.0
Y24H6030402,Y24H6030402P03,Weekday,train,36,10.98948,40.0,1154.68576275,melb - middle,greater melbourne,4.0
Y24H6030402,Y24H6030402P04,Weekday,vehicle passenger,15,3.37332,15.0,1117.524394133,melb - middle,greater melbourne,0.0
Y24H6030402,Y24H6030402P05,Weekday,vehicle passenger,15,3.37332,15.0,1117.524394133,melb - middle,greater melbourne,0.0
Y24H6030405,Y24H6030405P03,Weekday,school bus,26,7.73086,30.0,1182.872729119,melb - middle,greater melbourne,4.0
Y24H6030405,Y24H6030405P04,Weekday,school bus,26,7.73086,30.0,784.219792622,melb - middle,greater melbourne,4.0
Y24H6030405,Y24H6030405P05,Weekday,school bus,26,7.73086,30.0,743.374037751,melb - middle,greater melbourne,4.0
Y24H6030440,Y24H6030440P03,Weekday,train,36,12.16057,38.0,433.135781889,melb - middle,greater melbourne,2.0
Y24H6030440,Y24H6030440P04,Weekday,vehicle passenger,20,11.56002,20.0,826.988062883,melb - middle,greater melbourne,0.0
Y24H6030525,Y24H6030525P03,Weekday,vehicle passenger,20,10.70425,20.0,485.942554352,melb - outer,greater melbourne,0.0
Y24H6030525,Y24H6030525P04,Weekday,vehicle passenger,20,10.70425,20.0,517.170576744,melb - outer,greater melbourne,0.0
Y24H6036101,Y24H6036101P03,Weekday,vehicle passenger,4,1.49879,4.0,919.195118497,other,shepparton sa4,0.0
Y24H6036126,Y24H6036126P03,Weekday,school bus,40,25.07127,45.0,175.852859786,other,shepparton sa4,5.0
Y24H6036126,Y24H6036126P04,Weekday,school bus,40,25.07122,45.0,343.223788937,other,shepparton sa4,5.0
Y24H6036236,Y24H6036236P03,Weekday,vehicle passenger,2,1.46702,2.0,425.130236545,other,shepparton sa4,0.0
Y24H6040203,Y24H6040203P03,Weekday,vehicle passenger,7,2.362,7.0,918.673480727,melb - middle,greater melbourne,0.0
Y24H6040224,Y24H6040224P03,Weekday,vehicle passenger,5,2.11434,5.0,2012.338743735,melb - middle,greater melbourne,0.0
Y24H6040302,Y24H6040302P03,Weekday,other,10,2.30018,10.0,773.599602175,melb - middle,greater melbourne,0.0
Y24H6040302,Y24H6040302P04,Weekday,other,10,2.30018,10.0,773.599602175,melb - middle,greater melbourne,0.0
Y24H6040312,Y24H6040312P02,Weekday,walking,20,2.29568,20.0,362.964384155,melb - middle,greater melbourne,0.0
Y24H6040316,Y24H6040316P03,Weekday,walking,10,0.90895,10.0,430.91820076,melb - middle,greater melbourne,0.0
Y24H6040316,Y24H6040316P05,Weekday,vehicle passenger,8,2.07523,8.0,724.229569751,melb - middle,greater melbourne,0.0
Y24H6040319,Y24H6040319P03,Weekday,vehicle passenger,8,2.6366300000000003,9.0,636.123573485,melb - middle,greater melbourne,1.0
Y24H6040319,Y24H6040319P04,Weekday,vehicle passenger,5,1.90633,5.0,816.333809013,melb - middle,greater melbourne,0.0
Y24H6040338,Y24H6040338P03,Weekday,walking,10,0.40012,10.0,2221.071641448,melb - middle,greater melbourne,0.0
Y24H6040338,Y24H6040338P04,Weekday,walking,10,0.40012,10.0,2584.321935596,melb - middle,greater melbourne,0.0
Y24H6040501,Y24H6040501P02,Weekday,vehicle passenger,13,3.65845,13.0,577.019248878,melb - outer,greater melbourne,0.0
Y24H6040501,Y24H6040501P03,Weekday,vehicle passenger,13,3.65845,13.0,577.019248878,melb - outer,greater melbourne,0.0
Y24H6040501,Y24H6040501P04,Weekday,vehicle passenger,4,1.37995,4.0,550.49100064,melb - outer,greater melbourne,0.0
Y24H6040515,Y24H6040515P06,Weekday,public bus,21,2.6122,25.0,713.303902941,melb - outer,greater melbourne,4.0
Y24H6040526,Y24H6040526P03,Weekday,train,91,49.592380000000006,105.0,640.467145425,melb - outer,greater melbourne,14.0
Y24H6040526,Y24H6040526P04,Weekday,vehicle passenger,5,1.2571,5.0,942.362455204,melb - outer,greater melbourne,0.0
Y24H6040536,Y24H6040536P03,Weekday,vehicle passenger,3,0.68914,3.0,651.296623969,melb - outer,greater melbourne,0.0
Y24H6040538,Y24H6040538P03,Weekday,vehicle passenger,2,0.59763,2.0,807.588791357,melb - outer,greater melbourne,0.0
Y24H6040539,Y24H6040539P03,Weekday,vehicle passenger,3,0.68405,3.0,994.336223323,melb - outer,greater melbourne,0.0
Y24H6046111,Y24H6046111P03,Weekday,vehicle passenger,27,39.87834,27.0,216.69500928,other,shepparton sa4,0.0
Y24H6046123,Y24H6046123P02,Weekday,vehicle passenger,30,29.56284,30.0,124.519219013,other,shepparton sa4,0.0
Y24H6046126,Y24H6046126P03,Weekday,vehicle passenger,25,27.85262,25.0,434.649366448,other,shepparton sa4,0.0
Y24H6046208,Y24H6046208P03,Weekday,school bus,65,73.49776,70.0,303.426310411,other,shepparton sa4,5.0
Y24H6046208,Y24H6046208P04,Weekday,school bus,65,73.49776,70.0,542.774122214,other,shepparton sa4,5.0
Y24H6046212,Y24H6046212P03,Weekday,vehicle passenger,5,1.95962,5.0,155.915406986,other,shepparton sa4,0.0
Y24H6050303,Y24H6050303P04,Weekday,walking,12,0.7672,12.0,541.092743086,melb - middle,greater melbourne,0.0
Y24H6050305,Y24H6050305P05,Weekday,train,44,22.46371,69.0,242.229278019,melb - middle,greater melbourne,25.0
Y24H6050305,Y24H6050305P06,Weekday,train,36,9.514030000000002,43.0,459.186987523,melb - middle,greater melbourne,7.0
Y24H6050308,Y24H6050308P03,Weekday,train,82,24.87013,100.0,1355.416618419,melb - middle,greater melbourne,18.0
Y24H6050308,Y24H6050308P04,Weekday,walking,20,1.17584,20.0,1003.439989853,melb - middle,greater melbourne,0.0
Y24H6050309,Y24H6050309P03,Weekday,walking,5,0.74443,5.0,968.316983764,melb - middle,greater melbourne,0.0
Y24H6050309,Y24H6050309P04,Weekday,walking,5,0.74443,5.0,988.197015631,melb - middle,greater melbourne,0.0
Y24H6050312,Y24H6050312P03,Weekday,vehicle passenger,4,1.16319,4.0,370.880246853,melb - middle,greater melbourne,0.0
Y24H6050409,Y24H6050409P02,Weekday,train,120,72.3084,134.0,1227.677316119,melb - outer,greater melbourne,14.0
Y24H6050409,Y24H6050409P04,Weekday,school bus,21,18.26662,21.0,1835.732343067,melb - outer,greater melbourne,0.0
Y24H6050415,Y24H6050415P03,Weekday,vehicle passenger,5,0.86305,5.0,1659.902081986,melb - outer,greater melbourne,0.0
Y24H6050503,Y24H6050503P03,Weekday,train,52,40.30503,60.0,601.966836235,melb - outer,greater melbourne,8.0
Y24H6050503,Y24H6050503P05,Weekday,train,104,55.15108,108.0,1013.187877541,melb - outer,greater melbourne,4.0
Y24H6050509,Y24H6050509P03,Weekday,bicycle,50,2.53668,50.0,744.161877789,melb - outer,greater melbourne,0.0
Y24H6050518,Y24H6050518P03,Weekday,vehicle passenger,15,1.81308,15.0,1004.005684808,melb - outer,greater melbourne,0.0
Y24H6050518,Y24H6050518P04,Weekday,vehicle passenger,15,1.81308,15.0,1004.005684808,melb - outer,greater melbourne,0.0
Y24H6050530,Y24H6050530P04,Weekday,vehicle passenger,21,7.41479,23.0,952.849581974,melb - outer,greater melbourne,2.0
Y24H6050539,Y24H6050539P03,Weekday,vehicle passenger,10,3.303,10.0,1355.30208075,melb - outer,greater melbourne,0.0
Y24H6050540,Y24H6050540P03,Weekday,train,52,39.24436999999999,82.0,783.533075659,melb - outer,greater melbourne,30.0
Y24H6050540,Y24H6050540P04,Weekday,vehicle passenger,72,28.54119,73.0,793.281617186,melb - outer,greater melbourne,1.0
Y24H6056105,Y24H6056105P04,Weekday,vehicle passenger,15,8.9519,15.0,312.009575051,other,shepparton sa4,0.0
Y24H6056112,Y24H6056112P03,Weekday,school bus,35,7.682,45.0,243.912412683,other,shepparton sa4,10.0
Y24H6056112,Y24H6056112P04,Weekday,school bus,15,3.22091,18.0,123.08516918,other,shepparton sa4,3.0
Y24H6060308,Y24H6060308P02,Weekday,tram,19,3.12333,25.0,789.24028198,melb - inner,greater melbourne,6.0
Y24H6060401,Y24H6060401P03,Weekday,vehicle passenger,3,0.86281,3.0,1275.667602346,melb - outer,greater melbourne,0.0
Y24H6060401,Y24H6060401P04,Weekday,vehicle passenger,3,0.86281,3.0,1275.667602346,melb - outer,greater melbourne,0.0
Y24H6060401,Y24H6060401P05,Weekday,vehicle passenger,3,0.86281,3.0,3520.134822221,melb - outer,greater melbourne,0.0
Y24H6066109,Y24H6066109P03,Weekday,vehicle passenger,10,2.98445,10.0,320.180323654,other,shepparton sa4,0.0
Y24H6066109,Y24H6066109P04,Weekday,vehicle passenger,10,2.98445,10.0,319.717937269,other,shepparton sa4,0.0
Y24H6066119,Y24H6066119P03,Weekday,vehicle passenger,20,6.1441,20.0,185.058713751,other,shepparton sa4,0.0
Y24H6066119,Y24H6066119P04,Weekday,school bus,10,3.19391,10.0,185.497138661,other,shepparton sa4,0.0
Y24H6066125,Y24H6066125P03,Weekday,vehicle passenger,5,3.87418,5.0,170.776325449,other,shepparton sa4,0.0
Y24H6066137,Y24H6066137P03,Weekday,vehicle passenger,5,3.53043,5.0,345.580135013,other,shepparton sa4,0.0
Y24H6066209,Y24H6066209P03,Weekday,vehicle passenger,7,3.00297,7.0,227.154499974,other,shepparton sa4,0.0
Y24H6066218,Y24H6066218P03,Weekday,vehicle passenger,10,3.04413,10.0,370.022676921,other,shepparton sa4,0.0
Y24H6066218,Y24H6066218P04,Weekday,vehicle passenger,10,3.04413,10.0,369.148123491,other,shepparton sa4,0.0
Y24H6070104,Y24H6070104P04,Weekday,school bus,17,8.315000000000001,20.0,882.618544264,melb - outer,greater melbourne,3.0
Y24H6070109,Y24H6070109P02,Weekday,public bus,48,7.2417,50.0,2540.656725461,melb - outer,greater melbourne,2.0
Y24H6070109,Y24H6070109P04,Weekday,vehicle driver,60,59.07687,60.0,853.040039992,melb - outer,greater melbourne,0.0
Y24H6070140,Y24H6070140P03,Weekday,vehicle passenger,15,2.96353,15.0,689.498616014,melb - outer,greater melbourne,0.0
Y24H6070140,Y24H6070140P04,Weekday,vehicle passenger,25,7.38358,30.0,821.260928562,melb - outer,greater melbourne,5.0
Y24H6070204,Y24H6070204P03,Weekday,public bus,33,8.35746,46.0,557.383596805,melb - outer,greater melbourne,13.0
Y24H6070211,Y24H6070211P04,Weekday,vehicle passenger,22,8.85791,22.0,1225.14082196,melb - outer,greater melbourne,0.0
Y24H6070211,Y24H6070211P05,Weekday,vehicle passenger,20,8.75158,20.0,1326.473030105,melb - outer,greater melbourne,0.0
Y24H6070403,Y24H6070403P03,Weekday,vehicle passenger,30,15.85353,30.0,520.587364599,melb - middle,greater melbourne,0.0
Y24H6070403,Y24H6070403P04,Weekday,vehicle passenger,30,15.85353,30.0,520.587364599,melb - middle,greater melbourne,0.0
Y24H6070410,Y24H6070410P02,Weekday,public bus,15,3.90922,36.0,672.739673163,melb - middle,greater melbourne,21.0
Y24H6070418,Y24H6070418P03,Weekday,vehicle passenger,15,4.90025,15.0,701.195172573,melb - middle,greater melbourne,0.0
Y24H6076118,Y24H6076118P02,Weekday,vehicle passenger,20,3.91201,20.0,1143.466042713,other,shepparton sa4,0.0
Y24H6076118,Y24H6076118P03,Weekday,vehicle passenger,20,3.91201,20.0,1247.628596248,other,shepparton sa4,0.0
Y24H6076118,Y24H6076118P04,Weekday,bicycle,5,0.4374,5.0,1029.75359937,other,shepparton sa4,0.0
Y24H6076209,Y24H6076209P02,Weekday,vehicle passenger,1,0.72608,1.0,342.959088,other,shepparton sa4,0.0
Y24H6080118,Y24H6080118P03,Weekday,vehicle passenger,34,24.76655,40.0,1418.765498027,melb - outer,greater melbourne,6.0
Y24H6080118,Y24H6080118P05,Weekday,vehicle passenger,5,1.92,5.0,1027.707753282,melb - outer,greater melbourne,0.0
Y24H6080123,Y24H6080123P03,Weekday,school bus,15,9.09157,15.0,1211.066066259,melb - outer,greater melbourne,0.0
Y24H6080123,Y24H6080123P04,Weekday,vehicle passenger,5,1.5413,5.0,877.257015174,melb - outer,greater melbourne,0.0
Y24H6080123,Y24H6080123P05,Weekday,vehicle passenger,5,1.5413,5.0,1114.896212976,melb - outer,greater melbourne,0.0
Y24H6080304,Y24H6080304P03,Weekday,vehicle passenger,15,7.15368,15.0,620.910881712,melb - inner,greater melbourne,0.0
Y24H6080305,Y24H6080305P02,Weekday,vehicle passenger,7,3.14561,7.0,405.233687194,melb - inner,greater melbourne,0.0
Y24H6080308,Y24H6080308P03,Weekday,train,23,7.63071,35.0,265.979383197,melb - inner,greater melbourne,12.0
Y24H6080311,Y24H6080311P03,Weekday,vehicle passenger,16,5.427390000000001,16.0,325.768894311,melb - inner,greater melbourne,0.0
Y24H6080311,Y24H6080311P04,Weekday,vehicle passenger,7,4.25114,7.0,562.622908274,melb - inner,greater melbourne,0.0
Y24H6080317,Y24H6080317P03,Weekday,walking,13,0.97393,18.0,200.828258082,melb - inner,greater melbourne,5.0
Y24H6080336,Y24H6080336P02,Weekday,walking,20,1.51308,20.0,482.07457473,melb - inner,greater melbourne,0.0
Y24H6080336,Y24H6080336P03,Weekday,walking,20,1.51308,20.0,482.07457473,melb - inner,greater melbourne,0.0
Y24H6080403,Y24H6080403P03,Weekday,vehicle passenger,9,2.90403,9.0,1077.583768919,melb - outer,greater melbourne,0.0
Y24H6080437,Y24H6080437P03,Weekday,bicycle,10,1.01599,10.0,1381.424131961,melb - outer,greater melbourne,0.0
Y24H6080439,Y24H6080439P03,Weekday,vehicle passenger,26,10.85381,26.0,885.028251575,melb - outer,greater melbourne,0.0
Y24H6080439,Y24H6080439P04,Weekday,vehicle passenger,26,10.8543,26.0,856.545297897,melb - outer,greater melbourne,0.0
Y24H6080513,Y24H6080513P03,Weekend,vehicle passenger,10,2.6418,10.0,663.280837063,melb - middle,greater melbourne,0.0
Y24H6080513,Y24H6080513P04,Weekend,vehicle passenger,10,2.6418,10.0,663.280837063,melb - middle,greater melbourne,0.0
Y24H6080515,Y24H6080515P03,Weekday,vehicle passenger,15,1.9163,15.0,683.35723559,melb - middle,greater melbourne,0.0
Y24H6080515,Y24H6080515P04,Weekday,vehicle passenger,15,1.9163,15.0,1103.056408891,melb - middle,greater melbourne,0.0
Y24H6086102,Y24H6086102P03,Weekday,public bus,24,2.7691100000000004,42.0,228.720282074,other,shepparton sa4,18.0
Y24H6086102,Y24H6086102P04,Weekday,public bus,24,2.53215,42.0,228.1796987,other,shepparton sa4,18.0
Y24H6086105,Y24H6086105P03,Weekday,vehicle passenger,5,2.12837,5.0,210.504438473,other,shepparton sa4,0.0
Y24H6086105,Y24H6086105P04,Weekday,vehicle passenger,5,2.12837,5.0,407.496689706,other,shepparton sa4,0.0
Y24H6086125,Y24H6086125P03,Weekday,vehicle passenger,5,5.58587,5.0,929.594705821,other,shepparton sa4,0.0
Y24H6086125,Y24H6086125P04,Weekday,vehicle passenger,5,5.58596,5.0,927.397596592,other,shepparton sa4,0.0
Y24H6086139,Y24H6086139P03,Weekday,vehicle passenger,10,4.53258,10.0,267.874269981,other,shepparton sa4,0.0
Y24H6086139,Y24H6086139P04,Weekday,vehicle passenger,10,4.53258,10.0,267.241145645,other,shepparton sa4,0.0
Y24H6086139,Y24H6086139P05,Weekday,vehicle passenger,10,4.53258,10.0,478.045486729,other,shepparton sa4,0.0
Y24H6090204,Y24H6090204P03,Weekday,vehicle passenger,15,7.46607,15.0,559.70056317,melb - middle,greater melbourne,0.0
Y24H6090204,Y24H6090204P04,Weekday,vehicle passenger,12,5.62549,12.0,1226.828812877,melb - middle,greater melbourne,0.0
Y24H6090209,Y24H6090209P03,Weekday,vehicle passenger,5,0.8843,5.0,728.559013464,melb - middle,greater melbourne,0.0
Y24H6090225,Y24H6090225P03,Weekday,walking,20,1.07308,20.0,837.796127739,melb - middle,greater melbourne,0.0
Y24H6090225,Y24H6090225P04,Weekday,vehicle passenger,30,10.04854,30.0,575.170379402,melb - middle,greater melbourne,0.0
Y24H6090232,Y24H6090232P04,Weekday,walking,10,0.94974,10.0,1162.337338088,melb - middle,greater melbourne,0.0
Y24H6090237,Y24H6090237P02,Weekday,vehicle passenger,30,11.47008,30.0,1107.22116079,melb - middle,greater melbourne,0.0
Y24H6090309,Y24H6090309P03,Weekday,public bus,53,8.250259999999999,55.0,509.851530309,melb - inner,greater melbourne,2.0
Y24H6090317,Y24H6090317P02,Weekday,train,38,11.981460000000002,41.0,632.269546038,melb - inner,greater melbourne,3.0
Y24H6090324,Y24H6090324P03,Weekday,walking,15,0.87359,15.0,897.045812621,melb - inner,greater melbourne,0.0
Y24H6090409,Y24H6090409P03,Weekday,walking,15,0.85123,15.0,2220.917506726,melb - outer,greater melbourne,0.0
Y24H6096131,Y24H6096131P03,Weekday,other,20,2.62693,20.0,259.862093045,other,shepparton sa4,0.0
Y24H6110110,Y24H6110110P03,Weekday,vehicle driver,60,36.77245,60.0,1744.92694608,melb - outer,greater melbourne,0.0
Y24H6110236,Y24H6110236P01,Weekday,train,50,31.09485,60.0,2858.624267755,melb - outer,greater melbourne,10.0
Y24H6110324,Y24H6110324P04,Weekday,train,61,25.36276,65.0,475.270304429,melb - middle,greater melbourne,4.0
Y24H6120138,Y24H6120138P04,Weekday,train,71,45.96094,82.0,1964.053683605,melb - outer,greater melbourne,11.0
Y24H6120201,Y24H6120201P02,Weekday,public bus,52,6.066890000000001,70.0,203.649465616,melb - middle,greater melbourne,18.0
Y24H6120201,Y24H6120201P03,Weekday,public bus,52,6.06683,70.0,623.558261715,melb - middle,greater melbourne,18.0
Y24H6120202,Y24H6120202P03,Weekday,school bus,15,2.3073,20.0,831.767385001,melb - middle,greater melbourne,5.0
Y24H6120202,Y24H6120202P04,Weekday,vehicle passenger,3,1.08121,3.0,934.554841647,melb - middle,greater melbourne,0.0
Y24H6120211,Y24H6120211P03,Weekday,vehicle passenger,23,9.25815,23.0,588.697566228,melb - middle,greater melbourne,0.0
Y24H6120237,Y24H6120237P03,Weekday,vehicle passenger,13,5.61617,14.0,565.114546117,melb - middle,greater melbourne,1.0
Y24H6120237,Y24H6120237P04,Weekday,vehicle passenger,13,5.61617,14.0,591.969678951,melb - middle,greater melbourne,1.0
Y24H6120238,Y24H6120238P03,Weekday,vehicle passenger,15,3.60868,15.0,985.116862357,melb - middle,greater melbourne,0.0
Y24H6120238,Y24H6120238P04,Weekday,vehicle passenger,15,3.60868,15.0,983.594259885,melb - middle,greater melbourne,0.0
Y24H6120241,Y24H6120241P03,Weekend,vehicle passenger,9,4.12509,9.0,874.444964422,melb - middle,greater melbourne,0.0
Y24H6120241,Y24H6120241P04,Weekend,vehicle passenger,9,4.12509,9.0,952.367771531,melb - middle,greater melbourne,0.0
Y24H6120317,Y24H6120317P03,Weekday,walking,10,1.28052,10.0,349.13529447,melb - inner,greater melbourne,0.0
Y24H6120331,Y24H6120331P02,Weekday,walking,30,3.0449,30.0,652.324663293,melb - inner,greater melbourne,0.0
Y24H6120416,Y24H6120416P05,Weekday,vehicle passenger,5,1.48417,5.0,1268.794786786,melb - outer,greater melbourne,0.0
Y24H6120424,Y24H6120424P03,Weekday,public bus,17,1.72234,19.0,1453.073940545,melb - outer,greater melbourne,2.0
Y24H6120424,Y24H6120424P04,Weekday,public bus,17,1.72234,19.0,871.405794441,melb - outer,greater melbourne,2.0
Y24H6120424,Y24H6120424P05,Weekday,public bus,17,1.72234,19.0,898.136424608,melb - outer,greater melbourne,2.0
Y24H6126116,Y24H6126116P03,Weekday,public bus,50,29.31036,60.0,262.197495912,other,shepparton sa4,10.0
Y24H6126116,Y24H6126116P05,Weekday,public bus,50,29.31036,60.0,905.909030473,other,shepparton sa4,10.0
Y24H6126240,Y24H6126240P03,Weekday,bicycle,15,0.6424,15.0,339.343104853,other,shepparton sa4,0.0
Y24H6126240,Y24H6126240P04,Weekday,bicycle,15,0.6424,15.0,339.343104853,other,shepparton sa4,0.0
Y24H6130102,Y24H6130102P03,Weekday,walking,5,0.21011,5.0,1838.510988301,melb - middle,greater melbourne,0.0
Y24H6130102,Y24H6130102P04,Weekday,walking,5,0.21022,5.0,1838.510988301,melb - middle,greater melbourne,0.0
Y24H6130108,Y24H6130108P02,Weekday,vehicle passenger,11,4.50083,11.0,1842.561137288,melb - middle,greater melbourne,0.0
Y24H6130119,Y24H6130119P03,Weekday,vehicle passenger,9,4.50412,9.0,7123.066030163,melb - middle,greater melbourne,0.0
Y24H6130119,Y24H6130119P04,Weekday,vehicle passenger,8,5.64016,8.0,4620.577664668,melb - middle,greater melbourne,0.0
Y24H6130119,Y24H6130119P05,Weekday,vehicle passenger,9,4.50412,9.0,4113.128717058,melb - middle,greater melbourne,0.0
Y24H6130208,Y24H6130208P03,Weekday,vehicle passenger,20,9.41969,20.0,502.187636021,melb - outer,greater melbourne,0.0
Y24H6130209,Y24H6130209P04,Weekday,vehicle passenger,25,8.11043,25.0,1239.488763816,melb - outer,greater melbourne,0.0
Y24H6130209,Y24H6130209P05,Weekday,vehicle passenger,25,8.11043,25.0,1237.573002623,melb - outer,greater melbourne,0.0
Y24H6130213,Y24H6130213P03,Weekend,vehicle passenger,5,1.92853,5.0,534.650350256,melb - outer,greater melbourne,0.0
Y24H6130229,Y24H6130229P04,Weekday,vehicle passenger,30,10.11537,30.0,276.409596597,melb - outer,greater melbourne,0.0
Y24H6130231,Y24H6130231P05,Weekday,walking,15,1.33938,15.0,414.229460192,melb - outer,greater melbourne,0.0
Y24H6130236,Y24H6130236P04,Weekday,vehicle passenger,27,11.39807,28.0,296.893256802,melb - outer,greater melbourne,1.0
Y24H6130238,Y24H6130238P03,Weekday,vehicle passenger,24,11.00799,24.0,365.966787199,melb - outer,greater melbourne,0.0
Y24H6130429,Y24H6130429P03,Weekday,train,26,13.45647,26.0,1153.799280965,melb - outer,greater melbourne,0.0
Y24H6130429,Y24H6130429P04,Weekday,train,26,13.45675,26.0,1153.799280965,melb - outer,greater melbourne,0.0
Y24H6130429,Y24H6130429P05,Weekday,train,26,13.45661,26.0,1094.985870266,melb - outer,greater melbourne,0.0
Y24H6130438,Y24H6130438P03,Weekday,vehicle passenger,5,1.69654,5.0,1150.788418213,melb - outer,greater melbourne,0.0
Y24H6130438,Y24H6130438P04,Weekday,vehicle passenger,5,1.69654,5.0,1114.073824659,melb - outer,greater melbourne,0.0
Y24H6130438,Y24H6130438P05,Weekday,vehicle passenger,5,1.69654,5.0,1127.350350114,melb - outer,greater melbourne,0.0
Y24H6136210,Y24H6136210P03,Weekday,walking,15,0.64095,15.0,997.682450183,other,shepparton sa4,0.0
Y24H6136210,Y24H6136210P04,Weekday,walking,15,0.64095,15.0,502.269124489,other,shepparton sa4,0.0
Y24H6136210,Y24H6136210P05,Weekday,walking,15,0.64095,15.0,974.601297877,other,shepparton sa4,0.0
Y24H6136226,Y24H6136226P03,Weekday,vehicle passenger,9,5.66066,9.0,147.35310693,other,shepparton sa4,0.0
Y24H6136226,Y24H6136226P04,Weekday,vehicle passenger,9,5.66066,9.0,187.700744274,other,shepparton sa4,0.0
Y24H6136236,Y24H6136236P03,Weekday,vehicle passenger,15,4.06396,15.0,126.955903098,other,shepparton sa4,0.0
Y24H6136236,Y24H6136236P04,Weekday,vehicle passenger,25,14.19456,30.0,245.181699637,other,shepparton sa4,5.0
Y24H6140205,Y24H6140205P03,Weekday,public bus,20,4.36563,25.0,800.374178399,melb - inner,greater melbourne,5.0
Y24H6140205,Y24H6140205P04,Weekday,vehicle passenger,2,0.60152,2.0,808.509997257,melb - inner,greater melbourne,0.0
Y24H6140219,Y24H6140219P03,Weekday,vehicle passenger,2,0.52594,2.0,777.239165753,melb - inner,greater melbourne,0.0
Y24H6140219,Y24H6140219P04,Weekday,vehicle passenger,50,22.67876,80.0,777.239165753,melb - inner,greater melbourne,30.0
Y24H6140239,Y24H6140239P02,Weekday,train,45,19.82898,65.0,1289.425483922,melb - inner,greater melbourne,20.0
Y24H6140239,Y24H6140239P03,Weekday,vehicle passenger,30,13.67058,30.0,543.57024486,melb - inner,greater melbourne,0.0
Y24H6140302,Y24H6140302P03,Weekday,vehicle passenger,18,8.36184,18.0,844.176964886,melb - inner,greater melbourne,0.0
Y24H6140302,Y24H6140302P04,Weekday,vehicle passenger,4,1.61203,4.0,671.390370824,melb - inner,greater melbourne,0.0
Y24H6140302,Y24H6140302P05,Weekday,vehicle passenger,4,1.61203,4.0,451.075837169,melb - inner,greater melbourne,0.0
Y24H6140302,Y24H6140302P06,Weekday,vehicle passenger,4,1.61203,4.0,805.209875993,melb - inner,greater melbourne,0.0
Y24H6140303,Y24H6140303P04,Weekday,tram,27,4.3569700000000005,30.0,498.9616735,melb - inner,greater melbourne,3.0
Y24H6140310,Y24H6140310P02,Weekday,walking,17,1.401,17.0,185.814526174,melb - inner,greater melbourne,0.0
Y24H6140310,Y24H6140310P03,Weekday,walking,15,1.401,15.0,594.181631867,melb - inner,greater melbourne,0.0
Y24H6140313,Y24H6140313P01,Weekend,vehicle driver,45,20.63675,45.0,586.226495094,melb - inner,greater melbourne,0.0
Y24H6140329,Y24H6140329P03,Weekday,vehicle passenger,15,5.30046,15.0,588.365506642,melb - inner,greater melbourne,0.0
Y24H6140329,Y24H6140329P04,Weekday,vehicle passenger,15,5.30046,15.0,691.339218456,melb - inner,greater melbourne,0.0
Y24H6140330,Y24H6140330P03,Weekday,walking,4,0.25241,4.0,490.918043829,melb - inner,greater melbourne,0.0
Y24H6140405,Y24H6140405P03,Weekday,walking,7,0.18391,7.0,344.36451474,melb - inner,greater melbourne,0.0
Y24H6140415,Y24H6140415P03,Weekday,walking,15,1.53582,15.0,361.68635198,melb - inner,greater melbourne,0.0
Y24H6140440,Y24H6140440P02,Weekday,vehicle passenger,10,2.41123,10.0,1290.416406277,melb - inner,greater melbourne,0.0
Y24H6146122,Y24H6146122P03,Weekday,school bus,29,24.21955,30.0,209.266773168,other,shepparton sa4,1.0
Y24H6146122,Y24H6146122P04,Weekday,school bus,35,23.58592,35.0,209.762549694,other,shepparton sa4,0.0
Y24H6146137,Y24H6146137P03,Weekday,school bus,32,25.44717,45.0,113.544348428,other,shepparton sa4,13.0
Y24H6146140,Y24H6146140P04,Weekday,school bus,55,26.51671,60.0,94.057197545,other,shepparton sa4,5.0
Y24H6146204,Y24H6146204P03,Weekday,walking,10,0.86161,10.0,90.381841139,other,shepparton sa4,0.0
Y24H6146204,Y24H6146204P04,Weekday,walking,10,0.86161,10.0,174.610127,other,shepparton sa4,0.0
Y24H6146204,Y24H6146204P05,Weekday,vehicle passenger,1,0.86161,1.0,174.226818518,other,shepparton sa4,0.0
Y24H6150104,Y24H6150104P03,Weekday,vehicle passenger,10,2.99315,10.0,2368.922860567,melb - outer,greater melbourne,0.0
Y24H6150108,Y24H6150108P02,Weekday,vehicle passenger,15,2.92327,15.0,1009.777398687,melb - outer,greater melbourne,0.0
Y24H6150119,Y24H6150119P03,Weekday,vehicle passenger,10,1.58469,10.0,2703.517435335,melb - outer,greater melbourne,0.0
Y24H6150125,Y24H6150125P03,Weekday,school bus,49,26.74393,55.0,1503.224036016,melb - outer,greater melbourne,6.0
Y24H6150305,Y24H6150305P04,Weekday,school bus,26,6.44721,35.0,1148.822468167,melb - inner,greater melbourne,9.0
Y24H6150503,Y24H6150503P03,Weekday,walking,15,1.0169,15.0,1342.965363354,melb - outer,greater melbourne,0.0
Y24H6150503,Y24H6150503P04,Weekday,school bus,17,4.0184,20.0,575.536350456,melb - outer,greater melbourne,3.0
Y24H6156136,Y24H6156136P03,Weekday,vehicle passenger,4,2.22901,4.0,374.192953969,other,shepparton sa4,0.0
Y24H6156201,Y24H6156201P02,Weekday,vehicle passenger,3,1.16312,3.0,208.038465014,other,shepparton sa4,0.0
Y24H6156210,Y24H6156210P04,Weekday,vehicle passenger,6,0.61297,6.0,264.285604498,other,shepparton sa4,0.0
Y24H6156229,Y24H6156229P03,Weekday,vehicle passenger,5,1.70058,5.0,139.456911194,other,shepparton sa4,0.0
Y24H6160108,Y24H6160108P03,Weekday,school bus,14,10.54175,16.0,1715.994142825,melb - outer,greater melbourne,2.0
Y24H6160108,Y24H6160108P04,Weekday,vehicle passenger,10,8.32029,10.0,1188.351181427,melb - outer,greater melbourne,0.0
Y24H6160110,Y24H6160110P02,Weekday,public bus,130,47.57102,137.0,1207.996053889,melb - outer,greater melbourne,7.0
Y24H6160202,Y24H6160202P02,Weekday,vehicle driver,15,3.46627,15.0,867.871889261,melb - middle,greater melbourne,0.0
Y24H6160209,Y24H6160209P04,Weekday,vehicle passenger,21,10.94894,21.0,2145.631766,melb - middle,greater melbourne,0.0
Y24H6160215,Y24H6160215P03,Weekday,train,55,22.581830000000004,82.0,591.123747413,melb - middle,greater melbourne,27.0
Y24H6160215,Y24H6160215P04,Weekday,train,68,21.69878,95.0,1044.058983282,melb - middle,greater melbourne,27.0
Y24H6160233,Y24H6160233P01,Weekday,walking,30,2.42089,30.0,1032.104673765,melb - middle,greater melbourne,0.0
Y24H6160422,Y24H6160422P02,Weekday,vehicle passenger,7,2.49514,15.0,458.490737146,melb - outer,greater melbourne,8.0
Y24H6160436,Y24H6160436P02,Weekday,vehicle driver,55,23.6787,55.0,342.818442384,melb - outer,greater melbourne,0.0
Y24H6170105,Y24H6170105P04,Weekday,walking,25,1.75715,25.0,3605.375246362,melb - outer,greater melbourne,0.0
Y24H6170105,Y24H6170105P05,Weekday,walking,25,2.29423,25.0,1284.661229779,melb - outer,greater melbourne,0.0
Y24H6170105,Y24H6170105P06,Weekday,walking,25,2.29423,25.0,1761.451169644,melb - outer,greater melbourne,0.0
Y24H6170108,Y24H6170108P03,Weekday,vehicle passenger,7,2.34618,7.0,819.583290784,melb - outer,greater melbourne,0.0
Y24H6170123,Y24H6170123P02,Weekday,vehicle driver,29,19.55119,29.0,711.390669825,melb - outer,greater melbourne,0.0
Y24H6170124,Y24H6170124P03,Weekday,bicycle,8,0.40924,8.0,390.792145247,melb - outer,greater melbourne,0.0
Y24H6170124,Y24H6170124P04,Weekday,bicycle,8,0.40924,8.0,632.027270809,melb - outer,greater melbourne,0.0
Y24H6170131,Y24H6170131P04,Weekday,vehicle passenger,8,2.26957,8.0,724.674138957,melb - outer,greater melbourne,0.0
Y24H6170308,Y24H6170308P03,Weekday,vehicle passenger,12,2.33722,12.0,1131.538592352,melb - inner,greater melbourne,0.0
Y24H6170308,Y24H6170308P04,Weekday,vehicle passenger,8,2.55473,8.0,724.21818276,melb - inner,greater melbourne,0.0
Y24H6170308,Y24H6170308P05,Weekday,vehicle passenger,33,5.7481,34.0,1514.348384459,melb - inner,greater melbourne,1.0
Y24H6170319,Y24H6170319P03,Weekday,vehicle passenger,20,1.98633,20.0,391.75024632,melb - inner,greater melbourne,0.0
Y24H6170319,Y24H6170319P04,Weekday,vehicle passenger,20,1.98633,20.0,618.272350843,melb - inner,greater melbourne,0.0
Y24H6170424,Y24H6170424P01,Weekday,vehicle driver,25,7.19463,25.0,3992.832510045,melb - inner,greater melbourne,0.0
Y24H6170432,Y24H6170432P02,Weekday,tram,35,5.488079999999999,40.0,1640.446178259,melb - inner,greater melbourne,5.0
Y24H6170432,Y24H6170432P03,Weekday,bicycle,15,1.36764,15.0,503.339133673,melb - inner,greater melbourne,0.0
Y24H6170440,Y24H6170440P03,Weekday,walking,20,1.34336,20.0,1779.053264457,melb - inner,greater melbourne,0.0
Y24H6170440,Y24H6170440P04,Weekday,walking,20,1.34336,20.0,1779.053264457,melb - inner,greater melbourne,0.0
Y24H6180101,Y24H6180101P03,Weekday,vehicle passenger,5,1.95303,5.0,1612.387079007,melb - outer,greater melbourne,0.0
Y24H6180103,Y24H6180103P05,Weekday,public bus,56,13.40739,64.0,1192.08218899,melb - outer,greater melbourne,8.0
Y24H6180203,Y24H6180203P03,Weekday,vehicle passenger,3,2.25098,3.0,429.033220837,melb - outer,greater melbourne,0.0
Y24H6180203,Y24H6180203P04,Weekday,vehicle passenger,3,2.25098,3.0,367.034902159,melb - outer,greater melbourne,0.0
Y24H6180217,Y24H6180217P04,Weekday,vehicle passenger,30,13.40849,30.0,526.895420269,melb - outer,greater melbourne,0.0
Y24H6180237,Y24H6180237P03,Weekday,vehicle passenger,45,15.22057,45.0,874.834244593,melb - outer,greater melbourne,0.0
Y24H6180240,Y24H6180240P03,Weekday,vehicle passenger,2,1.09071,2.0,1335.711705964,melb - outer,greater melbourne,0.0
Y24H6180240,Y24H6180240P04,Weekday,vehicle passenger,2,1.09071,2.0,1262.016125136,melb - outer,greater melbourne,0.0
Y24H6180402,Y24H6180402P02,Weekday,public bus,15,4.4100600000000005,15.0,1027.165595538,melb - inner,greater melbourne,0.0
Y24H6180407,Y24H6180407P02,Weekend,vehicle driver,30,9.71514,30.0,1067.510671161,melb - inner,greater melbourne,0.0
Y24H6180410,Y24H6180410P04,Weekday,vehicle passenger,50,16.63604,50.0,1128.706564994,melb - inner,greater melbourne,0.0
Y24H6180515,Y24H6180515P03,Weekday,vehicle passenger,4,1.76725,4.0,700.635396333,melb - middle,greater melbourne,0.0
Y24H6180515,Y24H6180515P04,Weekday,vehicle passenger,4,1.76725,4.0,700.635396333,melb - middle,greater melbourne,0.0
Y24H6190117,Y24H6190117P02,Weekday,school bus,28,21.41787,40.0,751.269217033,melb - outer,greater melbourne,12.0
Y24H6190117,Y24H6190117P03,Weekday,school bus,28,21.41787,40.0,834.097139048,melb - outer,greater melbourne,12.0
Y24H6190118,Y24H6190118P03,Weekday,vehicle passenger,20,12.13613,20.0,1972.830535564,melb - outer,greater melbourne,0.0
Y24H6190122,Y24H6190122P03,Weekday,school bus,30,6.20155,31.0,1108.435519201,melb - outer,greater melbourne,1.0
Y24H6190122,Y24H6190122P04,Weekday,school bus,30,6.20155,31.0,1640.759785661,melb - outer,greater melbourne,1.0
Y24H6190132,Y24H6190132P03,Weekday,vehicle passenger,10,2.67093,10.0,742.377188091,melb - outer,greater melbourne,0.0
Y24H6190219,Y24H6190219P03,Weekday,other,120,13.51321,120.0,1175.779140107,melb - middle,greater melbourne,0.0
Y24H6190229,Y24H6190229P03,Weekday,vehicle passenger,10,3.42759,10.0,1975.719485231,melb - middle,greater melbourne,0.0
Y24H6190239,Y24H6190239P03,Weekday,vehicle passenger,21,7.87259,21.0,722.519135359,melb - middle,greater melbourne,0.0
Y24H6190239,Y24H6190239P04,Weekday,vehicle passenger,15,1.82294,15.0,674.497344322,melb - middle,greater melbourne,0.0
Y24H6190304,Y24H6190304P03,Weekday,vehicle passenger,5,2.36485,5.0,256.771305727,melb - middle,greater melbourne,0.0
Y24H6190304,Y24H6190304P04,Weekday,vehicle passenger,4,2.36485,4.0,799.318794693,melb - middle,greater melbourne,0.0
Y24H6190304,Y24H6190304P05,Weekday,walking,11,0.77078,11.0,1025.76131979,melb - middle,greater melbourne,0.0
Y24H6190315,Y24H6190315P03,Weekday,public bus,30,10.33219,35.0,362.440803802,melb - middle,greater melbourne,5.0
Y24H6190315,Y24H6190315P04,Weekday,public bus,27,4.35748,32.0,1228.849337514,melb - middle,greater melbourne,5.0
Y24H6190325,Y24H6190325P01,Weekday,vehicle driver,10,2.0714,10.0,331.297866142,melb - middle,greater melbourne,0.0
Y24H6190331,Y24H6190331P03,Weekday,vehicle passenger,10,1.31744,10.0,1341.450760058,melb - middle,greater melbourne,0.0
Y24H6200116,Y24H6200116P02,Weekday,vehicle passenger,10,2.25467,10.0,927.980437585,melb - outer,greater melbourne,0.0
Y24H6200137,Y24H6200137P03,Weekday,train,131,86.62368,157.0,644.735436958,melb - outer,greater melbourne,26.0
Y24H6200304,Y24H6200304P02,Weekday,vehicle passenger,10,2.53524,10.0,738.9213179,melb - middle,greater melbourne,0.0
Y24H6200304,Y24H6200304P03,Weekday,vehicle passenger,15,5.187139999999999,20.0,817.455409923,melb - middle,greater melbourne,5.0
Y24H6200309,Y24H6200309P03,Weekday,vehicle passenger,30,19.97871,30.0,403.938663129,melb - middle,greater melbourne,0.0
Y24H6200309,Y24H6200309P04,Weekday,vehicle passenger,30,19.97871,30.0,403.938663129,melb - middle,greater melbourne,0.0
Y24H6200311,Y24H6200311P04,Weekday,train,50,18.819170000000003,58.0,666.739397954,melb - middle,greater melbourne,8.0
Y24H6200318,Y24H6200318P04,Weekday,train,29,9.72745,36.0,387.318722142,melb - middle,greater melbourne,7.0
Y24H6200331,Y24H6200331P04,Weekday,vehicle passenger,15,7.57167,15.0,457.674789561,melb - middle,greater melbourne,0.0
Y24H6200333,Y24H6200333P04,Weekday,vehicle passenger,10,1.90514,10.0,277.792517073,melb - middle,greater melbourne,0.0
Y24H6200336,Y24H6200336P03,Weekday,public bus,14,2.48429,22.0,425.403105409,melb - middle,greater melbourne,8.0
Y24H6200336,Y24H6200336P04,Weekday,public bus,14,2.48429,22.0,841.805921237,melb - middle,greater melbourne,8.0
Y24H6200336,Y24H6200336P05,Weekday,walking,5,0.1958,5.0,714.960536496,melb - middle,greater melbourne,0.0
Y24H6200341,Y24H6200341P04,Weekend,vehicle passenger,31,13.41506,31.0,914.889641086,melb - middle,greater melbourne,0.0
Y24H6200405,Y24H6200405P03,Weekday,vehicle passenger,15,19.30179,15.0,4234.422215099,melb - outer,greater melbourne,0.0
Y24H6200430,Y24H6200430P03,Weekday,school bus,60,37.28053,65.0,867.52269452,melb - outer,greater melbourne,5.0
Y24H6200430,Y24H6200430P04,Weekday,school bus,60,37.28053,65.0,823.301858743,melb - outer,greater melbourne,5.0
Y24H6200430,Y24H6200430P05,Weekday,vehicle passenger,5,3.36341,5.0,839.603123954,melb - outer,greater melbourne,0.0
Y24H6200440,Y24H6200440P03,Weekday,vehicle passenger,6,4.03654,6.0,1189.709861395,melb - outer,greater melbourne,0.0
Y24H6210230,Y24H6210230P03,Weekday,vehicle passenger,5,2.10636,5.0,415.572245302,melb - outer,greater melbourne,0.0
Y24H6210230,Y24H6210230P04,Weekday,vehicle passenger,5,2.10636,5.0,696.624930982,melb - outer,greater melbourne,0.0
Y24H6210425,Y24H6210425P03,Weekday,tram,25,4.41966,25.0,367.414000288,melb - middle,greater melbourne,0.0
Y24H6210425,Y24H6210425P04,Weekday,tram,25,4.41953,25.0,553.588273328,melb - middle,greater melbourne,0.0
Y24H6210425,Y24H6210425P05,Weekday,vehicle passenger,25,6.79951,25.0,531.630717558,melb - middle,greater melbourne,0.0
Y24H6210501,Y24H6210501P02,Weekday,vehicle passenger,6,1.53039,6.0,267.86447666,melb - outer,greater melbourne,0.0
Y24H6210501,Y24H6210501P03,Weekday,vehicle passenger,6,1.53039,6.0,285.472386654,melb - outer,greater melbourne,0.0
Y24H6210516,Y24H6210516P02,Weekday,vehicle passenger,5,4.20506,5.0,395.837095727,melb - outer,greater melbourne,0.0
Y24H6210516,Y24H6210516P03,Weekday,vehicle passenger,5,4.20506,5.0,526.572346748,melb - outer,greater melbourne,0.0
Y24H6220101,Y24H6220101P03,Weekday,vehicle passenger,5,0.93638,5.0,1492.562977372,melb - outer,greater melbourne,0.0
Y24H6220101,Y24H6220101P04,Weekday,vehicle passenger,5,0.93638,5.0,2055.712734191,melb - outer,greater melbourne,0.0
Y24H6220101,Y24H6220101P05,Weekday,vehicle passenger,5,0.93638,5.0,1774.36305282,melb - outer,greater melbourne,0.0
Y24H6220409,Y24H6220409P03,Weekday,vehicle passenger,11,2.08906,11.0,677.547733652,melb - outer,greater melbourne,0.0
Y24H6220411,Y24H6220411P04,Weekday,vehicle passenger,4,1.11196,4.0,487.979115277,melb - outer,greater melbourne,0.0
Y24H6220429,Y24H6220429P03,Weekday,vehicle passenger,10,2.32367,10.0,1994.605672279,melb - outer,greater melbourne,0.0
Y24H6220501,Y24H6220501P03,Weekday,walking,5,0.24471,5.0,636.960605719,melb - outer,greater melbourne,0.0
Y24H6220516,Y24H6220516P03,Weekday,walking,2,0.53982,2.0,791.586414108,melb - outer,greater melbourne,0.0
Y24H6220516,Y24H6220516P04,Weekday,walking,2,0.53982,2.0,1059.555683024,melb - outer,greater melbourne,0.0
Y24H6220516,Y24H6220516P05,Weekday,walking,2,0.53982,2.0,1014.36018978,melb - outer,greater melbourne,0.0
Y24H6230404,Y24H6230404P04,Weekday,train,58,12.47859,65.0,1503.365783461,melb - middle,greater melbourne,7.0
Y24H6250101,Y24H6250101P03,Weekday,walking,8,0.62836,8.0,1242.054136975,melb - outer,greater melbourne,0.0
Y24H6250103,Y24H6250103P03,Weekday,school bus,22,6.71214,30.0,2311.395798044,melb - outer,greater melbourne,8.0
Y24H6250103,Y24H6250103P04,Weekday,walking,10,0.42414,10.0,1310.444719559,melb - outer,greater melbourne,0.0
Y24H6250118,Y24H6250118P03,Weekday,walking,21,1.3588,21.0,1090.121304335,melb - outer,greater melbourne,0.0
Y24H6250118,Y24H6250118P04,Weekday,vehicle passenger,16,10.41016,16.0,910.566297242,melb - outer,greater melbourne,0.0
Y24H6250118,Y24H6250118P05,Weekday,vehicle passenger,16,10.41016,16.0,1080.299559045,melb - outer,greater melbourne,0.0
Y24H6250118,Y24H6250118P06,Weekday,vehicle passenger,16,10.41016,16.0,929.888101478,melb - outer,greater melbourne,0.0
Y24H6250125,Y24H6250125P03,Weekday,train,75,41.69729,91.0,862.675699726,melb - outer,greater melbourne,16.0
Y24H6250412,Y24H6250412P03,Weekday,vehicle passenger,12,2.99861,19.0,3521.027609071,melb - middle,greater melbourne,7.0
Y24H6250412,Y24H6250412P04,Weekday,vehicle passenger,5,1.79146,5.0,934.030123188,melb - middle,greater melbourne,0.0
Y24H6250423,Y24H6250423P02,Weekday,vehicle passenger,5,0.80955,5.0,403.663553483,melb - middle,greater melbourne,0.0
Y24H6250438,Y24H6250438P03,Weekday,vehicle passenger,5,1.18675,5.0,439.369596994,melb - middle,greater melbourne,0.0
Y24H6250438,Y24H6250438P04,Weekday,vehicle passenger,5,1.18675,5.0,743.933778623,melb - middle,greater melbourne,0.0
